District,Polling Station Number,Conservative,Green Party,Liberal,NDP-New Democratic Party,Conservative (%),Green Party (%),Liberal (%),NDP-New Democratic Party (%),Other (%)
13001.0,1,28,3,26,68,22.4,2.4,20.8,54.4,0.0
13001.0,10,36,5,35,127,17.73,2.46,17.24,62.56,0.0
13001.0,100,28,6,28,152,13.08,2.8,13.08,71.03,0.0
13001.0,101,29,5,58,120,13.68,2.36,27.36,56.6,0.0
13001.0,102,32,5,82,107,14.16,2.21,36.28,47.35,0.0
13001.0,103,26,4,70,87,13.9,2.14,37.43,46.52,0.0
13001.0,104,9,4,72,72,5.73,2.55,45.86,45.86,0.0
13001.0,105,24,3,60,74,14.91,1.86,37.27,45.96,0.0
13001.0,106,36,2,54,111,17.73,0.99,26.6,54.68,0.0
13001.0,107,25,2,43,114,13.59,1.09,23.37,61.96,0.0
13001.0,108,51,4,74,113,21.07,1.65,30.58,46.69,0.0
13001.0,109,32,5,70,120,14.1,2.2,30.84,52.86,0.0
13001.0,11,72,4,51,128,28.24,1.57,20.0,50.2,0.0
13001.0,110,25,6,27,86,17.36,4.17,18.75,59.72,0.0
13001.0,111,33,1,67,99,16.5,0.5,33.5,49.5,0.0
13001.0,112,8,1,35,104,5.41,0.68,23.65,70.27,0.0
13001.0,113,26,3,40,126,13.33,1.54,20.51,64.62,0.0
13001.0,114,20,1,28,98,13.61,0.68,19.05,66.67,0.0
13001.0,115,33,3,73,86,16.92,1.54,37.44,44.1,0.0
13001.0,116,18,0,63,100,9.94,0.0,34.81,55.25,0.0
13001.0,117,30,0,47,159,12.71,0.0,19.92,67.37,0.0
13001.0,118,24,4,20,56,23.08,3.85,19.23,53.85,0.0
13001.0,119,49,2,53,125,21.4,0.87,23.14,54.59,0.0
13001.0,12,53,7,53,115,23.25,3.07,23.25,50.44,0.0
13001.0,120,27,1,21,36,31.76,1.18,24.71,42.35,0.0
13001.0,121,47,4,63,122,19.92,1.69,26.69,51.69,0.0
13001.0,122,29,4,32,106,16.96,2.34,18.71,61.99,0.0
13001.0,123,20,2,46,131,10.05,1.01,23.12,65.83,0.0
13001.0,124,23,1,30,94,15.54,0.68,20.27,63.51,0.0
13001.0,125,28,1,42,127,14.14,0.51,21.21,64.14,0.0
13001.0,126,20,2,16,48,23.26,2.33,18.6,55.81,0.0
13001.0,127,21,4,20,97,14.79,2.82,14.08,68.31,0.0
13001.0,128,29,3,31,89,19.08,1.97,20.39,58.55,0.0
13001.0,129,32,1,29,90,21.05,0.66,19.08,59.21,0.0
13001.0,13,56,9,37,121,25.11,4.04,16.59,54.26,0.0
13001.0,130,38,1,32,80,25.17,0.66,21.19,52.98,0.0
13001.0,131,38,3,50,128,17.35,1.37,22.83,58.45,0.0
13001.0,132,52,4,23,81,32.5,2.5,14.37,50.62,0.0
13001.0,133,28,4,34,70,20.59,2.94,25.0,51.47,0.0
13001.0,134,46,6,40,119,21.8,2.84,18.96,56.4,0.0
13001.0,135,68,11,56,98,29.18,4.72,24.03,42.06,0.0
13001.0,136,32,2,26,52,28.57,1.79,23.21,46.43,0.0
13001.0,137,67,2,54,112,28.51,0.85,22.98,47.66,0.0
13001.0,138,31,1,56,82,18.24,0.59,32.94,48.24,0.0
13001.0,139,46,5,41,79,26.9,2.92,23.98,46.2,0.0
13001.0,14,46,12,43,109,21.9,5.71,20.48,51.9,0.0
13001.0,140,63,4,66,114,25.51,1.62,26.72,46.15,0.0
13001.0,141,38,7,60,163,14.18,2.61,22.39,60.82,0.0
13001.0,142,20,0,45,84,13.42,0.0,30.2,56.38,0.0
13001.0,143,53,4,23,58,38.41,2.9,16.67,42.03,0.0
13001.0,144,46,4,44,57,30.46,2.65,29.14,37.75,0.0
13001.0,145,52,1,34,52,37.41,0.72,24.46,37.41,0.0
13001.0,146,26,3,26,124,14.53,1.68,14.53,69.27,0.0
13001.0,147,31,1,41,83,19.87,0.64,26.28,53.21,0.0
13001.0,148,22,2,36,125,11.89,1.08,19.46,67.57,0.0
13001.0,149,24,1,58,101,13.04,0.54,31.52,54.89,0.0
13001.0,15,37,9,34,117,18.78,4.57,17.26,59.39,0.0
13001.0,150,20,1,39,147,9.66,0.48,18.84,71.01,0.0
13001.0,151,39,0,59,107,19.02,0.0,28.78,52.2,0.0
13001.0,152,15,4,32,139,7.89,2.11,16.84,73.16,0.0
13001.0,153,30,2,78,123,12.88,0.86,33.48,52.79,0.0
13001.0,154,44,1,81,53,24.58,0.56,45.25,29.61,0.0
13001.0,155,26,0,27,92,17.93,0.0,18.62,63.45,0.0
13001.0,156,26,2,50,124,12.87,0.99,24.75,61.39,0.0
13001.0,157,24,2,32,120,13.48,1.12,17.98,67.42,0.0
13001.0,158,40,2,61,137,16.67,0.83,25.42,57.08,0.0
13001.0,159,39,5,46,152,16.12,2.07,19.01,62.81,0.0
13001.0,16,10,5,42,84,7.09,3.55,29.79,59.57,0.0
13001.0,160,22,0,60,165,8.91,0.0,24.29,66.8,0.0
13001.0,161,6,1,52,210,2.23,0.37,19.33,78.07,0.0
13001.0,162,8,2,12,79,7.92,1.98,11.88,78.22,0.0
13001.0,163,24,1,70,74,14.2,0.59,41.42,43.79,0.0
13001.0,164,19,3,32,166,8.64,1.36,14.55,75.45,0.0
13001.0,165,25,0,33,166,11.16,0.0,14.73,74.11,0.0
13001.0,166,21,3,49,94,12.57,1.8,29.34,56.29,0.0
13001.0,167,14,2,23,89,10.94,1.56,17.97,69.53,0.0
13001.0,168,11,1,33,87,8.33,0.76,25.0,65.91,0.0
13001.0,169,9,1,38,75,7.32,0.81,30.89,60.98,0.0
13001.0,17,27,3,27,136,13.99,1.55,13.99,70.47,0.0
13001.0,170,11,0,16,92,9.24,0.0,13.45,77.31,0.0
13001.0,171,45,2,38,104,23.81,1.06,20.11,55.03,0.0
13001.0,172,25,1,31,96,16.34,0.65,20.26,62.75,0.0
13001.0,173,40,8,41,105,20.62,4.12,21.13,54.12,0.0
13001.0,174,36,2,57,134,15.72,0.87,24.89,58.52,0.0
13001.0,175,31,1,59,120,14.69,0.47,27.96,56.87,0.0
13001.0,176,47,2,37,154,19.58,0.83,15.42,64.17,0.0
13001.0,177,28,3,52,101,15.22,1.63,28.26,54.89,0.0
13001.0,178,63,5,57,106,27.27,2.16,24.68,45.89,0.0
13001.0,179,40,3,46,161,16.0,1.2,18.4,64.4,0.0
13001.0,18,30,7,42,118,15.23,3.55,21.32,59.9,0.0
13001.0,180,31,3,34,108,17.61,1.7,19.32,61.36,0.0
13001.0,181,28,1,61,104,14.43,0.52,31.44,53.61,0.0
13001.0,182,29,5,77,159,10.74,1.85,28.52,58.89,0.0
13001.0,183,21,4,34,135,10.82,2.06,17.53,69.59,0.0
13001.0,184,33,3,58,127,14.93,1.36,26.24,57.47,0.0
13001.0,185,50,0,40,89,27.93,0.0,22.35,49.72,0.0
13001.0,186,14,1,75,117,6.76,0.48,36.23,56.52,0.0
13001.0,187,33,2,72,163,12.22,0.74,26.67,60.37,0.0
13001.0,188,42,5,45,139,18.18,2.16,19.48,60.17,0.0
13001.0,189,46,6,53,237,13.45,1.75,15.5,69.3,0.0
13001.0,19,36,5,42,103,19.35,2.69,22.58,55.38,0.0
13001.0,190,17,4,40,170,7.36,1.73,17.32,73.59,0.0
13001.0,191,25,2,49,111,13.37,1.07,26.2,59.36,0.0
13001.0,192,61,5,34,108,29.33,2.4,16.35,51.92,0.0
13001.0,193,55,5,37,99,28.06,2.55,18.88,50.51,0.0
13001.0,194,32,3,49,89,18.5,1.73,28.32,51.45,0.0
13001.0,195,60,0,48,73,33.15,0.0,26.52,40.33,0.0
13001.0,196,33,0,35,109,18.64,0.0,19.77,61.58,0.0
13001.0,197,53,4,40,89,28.49,2.15,21.51,47.85,0.0
13001.0,198,66,4,73,102,26.94,1.63,29.8,41.63,0.0
13001.0,199,65,4,84,129,23.05,1.42,29.79,45.74,0.0
13001.0,2,22,2,24,104,14.47,1.32,15.79,68.42,0.0
13001.0,20,29,2,42,124,14.72,1.02,21.32,62.94,0.0
13001.0,200,45,3,57,138,18.52,1.23,23.46,56.79,0.0
13001.0,201,82,4,72,96,32.28,1.57,28.35,37.8,0.0
13001.0,21,27,0,37,126,14.21,0.0,19.47,66.32,0.0
13001.0,22,38,4,20,98,23.75,2.5,12.5,61.25,0.0
13001.0,23,53,7,48,172,18.93,2.5,17.14,61.43,0.0
13001.0,24,36,5,48,119,17.31,2.4,23.08,57.21,0.0
13001.0,25,61,2,71,102,25.85,0.85,30.08,43.22,0.0
13001.0,26,28,7,38,95,16.67,4.17,22.62,56.55,0.0
13001.0,27,13,0,29,70,11.61,0.0,25.89,62.5,0.0
13001.0,28,39,4,30,99,22.67,2.33,17.44,57.56,0.0
13001.0,29,53,6,54,107,24.09,2.73,24.55,48.64,0.0
13001.0,3,13,2,33,111,8.18,1.26,20.75,69.81,0.0
13001.0,30,38,5,21,77,26.95,3.55,14.89,54.61,0.0
13001.0,31,46,8,56,110,20.91,3.64,25.45,50.0,0.0
13001.0,32,32,3,32,92,20.13,1.89,20.13,57.86,0.0
13001.0,33,53,15,68,118,20.87,5.91,26.77,46.46,0.0
13001.0,34,47,8,32,94,25.97,4.42,17.68,51.93,0.0
13001.0,35,76,11,60,60,36.71,5.31,28.99,28.99,0.0
13001.0,36,65,11,41,67,35.33,5.98,22.28,36.41,0.0
13001.0,37,32,2,21,83,23.19,1.45,15.22,60.14,0.0
13001.0,38,39,10,33,86,23.21,5.95,19.64,51.19,0.0
13001.0,39,28,0,31,76,20.74,0.0,22.96,56.3,0.0
13001.0,4,43,3,47,96,22.75,1.59,24.87,50.79,0.0
13001.0,40,36,2,20,99,22.93,1.27,12.74,63.06,0.0
13001.0,41,46,2,24,98,27.06,1.18,14.12,57.65,0.0
13001.0,42,49,8,26,68,32.45,5.3,17.22,45.03,0.0
13001.0,43,36,4,32,70,25.35,2.82,22.54,49.3,0.0
13001.0,44,57,2,38,74,33.33,1.17,22.22,43.27,0.0
13001.0,45,21,3,29,58,18.92,2.7,26.13,52.25,0.0
13001.0,46,12,2,16,68,12.24,2.04,16.33,69.39,0.0
13001.0,47,29,5,29,65,22.66,3.91,22.66,50.78,0.0
13001.0,48,23,2,39,64,17.97,1.56,30.47,50.0,0.0
13001.0,49,19,5,22,72,16.1,4.24,18.64,61.02,0.0
13001.0,5,34,5,43,143,15.11,2.22,19.11,63.56,0.0
13001.0,50,12,2,13,35,19.35,3.23,20.97,56.45,0.0
13001.0,500,6,1,13,9,20.69,3.45,44.83,31.03,0.0
13001.0,501,16,1,40,50,14.95,0.93,37.38,46.73,0.0
13001.0,502,4,3,29,33,5.8,4.35,42.03,47.83,0.0
13001.0,503,3,0,15,24,7.14,0.0,35.71,57.14,0.0
13001.0,504,7,3,26,24,11.67,5.0,43.33,40.0,0.0
13001.0,505,10,4,32,23,14.49,5.8,46.38,33.33,0.0
13001.0,506,10,3,31,20,15.62,4.69,48.44,31.25,0.0
13001.0,507,18,4,36,33,19.78,4.4,39.56,36.26,0.0
13001.0,508,9,2,18,41,12.86,2.86,25.71,58.57,0.0
13001.0,509,7,1,16,9,21.21,3.03,48.48,27.27,0.0
13001.0,51,19,4,13,57,20.43,4.3,13.98,61.29,0.0
13001.0,510,5,1,18,13,13.51,2.7,48.65,35.14,0.0
13001.0,511,9,0,12,21,21.43,0.0,28.57,50.0,0.0
13001.0,512,7,4,23,50,8.33,4.76,27.38,59.52,0.0
13001.0,513,21,1,30,41,22.58,1.08,32.26,44.09,0.0
13001.0,514,1,0,6,17,4.17,0.0,25.0,70.83,0.0
13001.0,515,20,0,23,20,31.75,0.0,36.51,31.75,0.0
13001.0,516,6,3,49,28,6.98,3.49,56.98,32.56,0.0
13001.0,517,17,0,32,33,20.73,0.0,39.02,40.24,0.0
13001.0,518,5,0,18,12,14.29,0.0,51.43,34.29,0.0
13001.0,52,56,6,29,84,32.0,3.43,16.57,48.0,0.0
13001.0,53,73,4,37,72,39.25,2.15,19.89,38.71,0.0
13001.0,54,38,9,32,42,31.4,7.44,26.45,34.71,0.0
13001.0,55,25,1,15,78,21.01,0.84,12.61,65.55,0.0
13001.0,56,10,2,16,76,9.62,1.92,15.38,73.08,0.0
13001.0,57,19,3,15,83,15.83,2.5,12.5,69.17,0.0
13001.0,58,10,4,18,49,12.35,4.94,22.22,60.49,0.0
13001.0,59,25,7,24,37,26.88,7.53,25.81,39.78,0.0
13001.0,6,29,4,33,98,17.68,2.44,20.12,59.76,0.0
13001.0,60,8,2,12,53,10.67,2.67,16.0,70.67,0.0
13001.0,600,52,8,85,136,18.51,2.85,30.25,48.4,0.0
13001.0,601,30,4,33,118,16.22,2.16,17.84,63.78,0.0
13001.0,602,50,2,59,169,17.86,0.71,21.07,60.36,0.0
13001.0,603,117,8,113,248,24.07,1.65,23.25,51.03,0.0
13001.0,604,113,18,78,248,24.73,3.94,17.07,54.27,0.0
13001.0,605,116,13,102,314,21.28,2.39,18.72,57.61,0.0
13001.0,606,44,4,20,128,22.45,2.04,10.2,65.31,0.0
13001.0,607,21,0,22,119,12.96,0.0,13.58,73.46,0.0
13001.0,608,26,5,24,134,13.76,2.65,12.7,70.9,0.0
13001.0,609,74,11,86,340,14.48,2.15,16.83,66.54,0.0
13001.0,61,18,4,20,95,13.14,2.92,14.6,69.34,0.0
13001.0,610,104,14,208,464,13.16,1.77,26.33,58.73,0.0
13001.0,611,51,9,37,133,22.17,3.91,16.09,57.83,0.0
13001.0,612,100,6,88,204,25.13,1.51,22.11,51.26,0.0
13001.0,613,156,9,96,288,28.42,1.64,17.49,52.46,0.0
13001.0,614,49,1,66,189,16.07,0.33,21.64,61.97,0.0
13001.0,615,84,4,80,130,28.19,1.34,26.85,43.62,0.0
13001.0,616,132,6,102,247,27.1,1.23,20.94,50.72,0.0
13001.0,62,48,9,20,101,26.97,5.06,11.24,56.74,0.0
13001.0,63,37,5,24,97,22.7,3.07,14.72,59.51,0.0
13001.0,64,19,4,21,132,10.8,2.27,11.93,75.0,0.0
13001.0,65,33,6,30,92,20.5,3.73,18.63,57.14,0.0
13001.0,66,27,2,25,104,17.09,1.27,15.82,65.82,0.0
13001.0,67,61,13,15,88,34.46,7.34,8.47,49.72,0.0
13001.0,68,17,2,27,68,14.91,1.75,23.68,59.65,0.0
13001.0,69,29,6,29,96,18.12,3.75,18.12,60.0,0.0
13001.0,7,18,1,35,89,12.59,0.7,24.48,62.24,0.0
13001.0,70,22,6,14,83,17.6,4.8,11.2,66.4,0.0
13001.0,71,24,5,34,88,15.89,3.31,22.52,58.28,0.0
13001.0,72,51,11,42,99,25.12,5.42,20.69,48.77,0.0
13001.0,73,22,7,16,88,16.54,5.26,12.03,66.17,0.0
13001.0,74,39,4,13,78,29.1,2.99,9.7,58.21,0.0
13001.0,75,36,4,34,140,16.82,1.87,15.89,65.42,0.0
13001.0,76,35,5,28,109,19.77,2.82,15.82,61.58,0.0
13001.0,77,36,6,27,145,16.82,2.8,12.62,67.76,0.0
13001.0,78,0,0,0,0,,,,,
13001.0,79,54,11,40,166,19.93,4.06,14.76,61.25,0.0
13001.0,8,62,2,31,107,30.69,0.99,15.35,52.97,0.0
13001.0,80,14,1,14,79,12.96,0.93,12.96,73.15,0.0
13001.0,81,9,4,9,68,10.0,4.44,10.0,75.56,0.0
13001.0,82,25,1,18,104,16.89,0.68,12.16,70.27,0.0
13001.0,83,14,4,22,124,8.54,2.44,13.41,75.61,0.0
13001.0,84,25,1,25,191,10.33,0.41,10.33,78.93,0.0
13001.0,85,20,6,19,153,10.1,3.03,9.6,77.27,0.0
13001.0,86,19,1,30,200,7.6,0.4,12.0,80.0,0.0
13001.0,87,5,0,10,97,4.46,0.0,8.93,86.61,0.0
13001.0,88,61,4,13,134,28.77,1.89,6.13,63.21,0.0
13001.0,89,49,5,23,80,31.21,3.18,14.65,50.96,0.0
13001.0,9,39,6,46,126,17.97,2.76,21.2,58.06,0.0
13001.0,90,1,0,8,68,1.3,0.0,10.39,88.31,0.0
13001.0,91,13,3,34,158,6.25,1.44,16.35,75.96,0.0
13001.0,92,29,1,39,157,12.83,0.44,17.26,69.47,0.0
13001.0,93,13,1,38,118,7.65,0.59,22.35,69.41,0.0
13001.0,94,16,4,47,159,7.08,1.77,20.8,70.35,0.0
13001.0,95,7,2,40,106,4.52,1.29,25.81,68.39,0.0
13001.0,96,12,2,17,127,7.59,1.27,10.76,80.38,0.0
13001.0,97,19,1,47,128,9.74,0.51,24.1,65.64,0.0
13001.0,98,31,4,50,151,13.14,1.69,21.19,63.98,0.0
13001.0,99,30,7,39,142,13.76,3.21,17.89,65.14,0.0
13001.0,S/R 1,54,5,28,41,42.19,3.91,21.88,32.03,0.0
13001.0,S/R 2,206,23,273,634,18.13,2.02,24.03,55.81,0.0
13002.0,1,56,20,120,70,21.05,7.52,45.11,26.32,0.0
13002.0,10,60,11,108,30,28.71,5.26,51.67,14.35,0.0
13002.0,100,21,9,57,15,20.59,8.82,55.88,14.71,0.0
13002.0,101,59,12,83,57,27.96,5.69,39.34,27.01,0.0
13002.0,102,44,14,61,20,31.65,10.07,43.88,14.39,0.0
13002.0,103,24,14,66,35,17.27,10.07,47.48,25.18,0.0
13002.0,103-1,20,7,57,32,17.24,6.03,49.14,27.59,0.0
13002.0,104,26,5,66,27,20.97,4.03,53.23,21.77,0.0
13002.0,105,44,11,79,28,27.16,6.79,48.77,17.28,0.0
13002.0,105-1,16,11,58,17,15.69,10.78,56.86,16.67,0.0
13002.0,106,39,9,78,22,26.35,6.08,52.7,14.86,0.0
13002.0,107,60,14,152,53,21.51,5.02,54.48,19.0,0.0
13002.0,107-1,22,7,56,34,18.49,5.88,47.06,28.57,0.0
13002.0,108,59,16,169,43,20.56,5.57,58.89,14.98,0.0
13002.0,109,69,23,140,63,23.39,7.8,47.46,21.36,0.0
13002.0,109-1,43,12,121,22,21.72,6.06,61.11,11.11,0.0
13002.0,11,56,5,114,47,25.23,2.25,51.35,21.17,0.0
13002.0,110,41,7,89,22,25.79,4.4,55.97,13.84,0.0
13002.0,111,32,17,74,42,19.39,10.3,44.85,25.45,0.0
13002.0,111-1,24,9,44,29,22.64,8.49,41.51,27.36,0.0
13002.0,112,41,13,175,28,15.95,5.06,68.09,10.89,0.0
13002.0,112-1,29,12,93,34,17.26,7.14,55.36,20.24,0.0
13002.0,113,38,20,121,27,18.45,9.71,58.74,13.11,0.0
13002.0,113-1,35,22,105,36,17.68,11.11,53.03,18.18,0.0
13002.0,114,25,3,57,24,22.94,2.75,52.29,22.02,0.0
13002.0,115,52,14,134,32,22.41,6.03,57.76,13.79,0.0
13002.0,116,58,29,54,40,32.04,16.02,29.83,22.1,0.0
13002.0,117,88,22,49,48,42.51,10.63,23.67,23.19,0.0
13002.0,118,39,22,145,49,15.29,8.63,56.86,19.22,0.0
13002.0,119,25,11,67,17,20.83,9.17,55.83,14.17,0.0
13002.0,119-1,33,8,84,29,21.43,5.19,54.55,18.83,0.0
13002.0,12,41,12,109,52,19.16,5.61,50.93,24.3,0.0
13002.0,12-1,38,21,104,36,19.1,10.55,52.26,18.09,0.0
13002.0,120,33,13,122,15,18.03,7.1,66.67,8.2,0.0
13002.0,120-1,22,1,49,14,25.58,1.16,56.98,16.28,0.0
13002.0,121,40,5,106,15,24.1,3.01,63.86,9.04,0.0
13002.0,122,50,14,135,19,22.94,6.42,61.93,8.72,0.0
13002.0,123,31,5,92,25,20.26,3.27,60.13,16.34,0.0
13002.0,124,42,16,150,30,17.65,6.72,63.03,12.61,0.0
13002.0,125,58,18,138,41,22.75,7.06,54.12,16.08,0.0
13002.0,126,54,12,166,41,19.78,4.4,60.81,15.02,0.0
13002.0,127,56,20,175,43,19.05,6.8,59.52,14.63,0.0
13002.0,128,51,25,167,53,17.23,8.45,56.42,17.91,0.0
13002.0,129,51,18,106,43,23.39,8.26,48.62,19.72,0.0
13002.0,13,54,21,163,39,19.49,7.58,58.84,14.08,0.0
13002.0,130,20,6,33,17,26.32,7.89,43.42,22.37,0.0
13002.0,131,65,14,58,38,37.14,8.0,33.14,21.71,0.0
13002.0,132,62,14,46,45,37.13,8.38,27.54,26.95,0.0
13002.0,133,56,9,21,32,47.46,7.63,17.8,27.12,0.0
13002.0,134,0,0,0,0,,,,,
13002.0,135,30,11,37,17,31.58,11.58,38.95,17.89,0.0
13002.0,136,77,26,47,36,41.4,13.98,25.27,19.35,0.0
13002.0,137,54,14,69,28,32.73,8.48,41.82,16.97,0.0
13002.0,137-1,41,17,57,22,29.93,12.41,41.61,16.06,0.0
13002.0,138,41,15,48,34,29.71,10.87,34.78,24.64,0.0
13002.0,139,90,26,72,58,36.59,10.57,29.27,23.58,0.0
13002.0,14,51,4,102,31,27.13,2.13,54.26,16.49,0.0
13002.0,140,41,13,85,59,20.71,6.57,42.93,29.8,0.0
13002.0,141,39,42,94,76,15.54,16.73,37.45,30.28,0.0
13002.0,142,57,19,58,39,32.95,10.98,33.53,22.54,0.0
13002.0,143,38,19,52,41,25.33,12.67,34.67,27.33,0.0
13002.0,144,36,96,117,144,9.16,24.43,29.77,36.64,0.0
13002.0,145,40,29,99,38,19.42,14.08,48.06,18.45,0.0
13002.0,146,44,28,55,61,23.4,14.89,29.26,32.45,0.0
13002.0,147,60,19,67,60,29.13,9.22,32.52,29.13,0.0
13002.0,148,37,28,80,40,20.0,15.14,43.24,21.62,0.0
13002.0,149,72,20,32,59,39.34,10.93,17.49,32.24,0.0
13002.0,15,57,14,147,57,20.73,5.09,53.45,20.73,0.0
13002.0,150,89,22,55,40,43.2,10.68,26.7,19.42,0.0
13002.0,150-1,54,7,16,20,55.67,7.22,16.49,20.62,0.0
13002.0,151,45,10,47,52,29.22,6.49,30.52,33.77,0.0
13002.0,152,92,25,89,68,33.58,9.12,32.48,24.82,0.0
13002.0,152-1,0,0,0,0,,,,,
13002.0,16,57,16,127,36,24.15,6.78,53.81,15.25,0.0
13002.0,17,41,17,76,19,26.8,11.11,49.67,12.42,0.0
13002.0,18,59,14,131,40,24.18,5.74,53.69,16.39,0.0
13002.0,19,19,16,252,28,6.03,5.08,80.0,8.89,0.0
13002.0,2,73,15,107,37,31.47,6.47,46.12,15.95,0.0
13002.0,20,89,27,110,26,35.32,10.71,43.65,10.32,0.0
13002.0,21,0,0,0,0,,,,,
13002.0,22,40,6,71,23,28.57,4.29,50.71,16.43,0.0
13002.0,23,95,15,85,50,38.78,6.12,34.69,20.41,0.0
13002.0,24,69,11,74,23,38.98,6.21,41.81,12.99,0.0
13002.0,25,68,17,152,36,24.91,6.23,55.68,13.19,0.0
13002.0,26,53,19,136,25,22.75,8.15,58.37,10.73,0.0
13002.0,27,74,7,111,17,35.41,3.35,53.11,8.13,0.0
13002.0,28,86,7,65,22,47.78,3.89,36.11,12.22,0.0
13002.0,28-1,27,3,72,15,23.08,2.56,61.54,12.82,0.0
13002.0,29,46,6,53,17,37.7,4.92,43.44,13.93,0.0
13002.0,3,77,12,122,40,30.68,4.78,48.61,15.94,0.0
13002.0,30,46,4,52,9,41.44,3.6,46.85,8.11,0.0
13002.0,31,54,1,66,15,39.71,0.74,48.53,11.03,0.0
13002.0,32,98,6,91,14,46.89,2.87,43.54,6.7,0.0
13002.0,33,56,4,53,12,44.8,3.2,42.4,9.6,0.0
13002.0,34,52,10,81,31,29.89,5.75,46.55,17.82,0.0
13002.0,35,68,7,106,35,31.48,3.24,49.07,16.2,0.0
13002.0,36,128,9,90,41,47.76,3.36,33.58,15.3,0.0
13002.0,37,57,7,97,17,32.02,3.93,54.49,9.55,0.0
13002.0,37-1,50,14,49,15,39.06,10.94,38.28,11.72,0.0
13002.0,38,79,3,43,21,54.11,2.05,29.45,14.38,0.0
13002.0,39,77,13,69,27,41.4,6.99,37.1,14.52,0.0
13002.0,4,76,29,142,68,24.13,9.21,45.08,21.59,0.0
13002.0,40,77,10,109,28,34.38,4.46,48.66,12.5,0.0
13002.0,41,69,7,57,19,45.39,4.61,37.5,12.5,0.0
13002.0,41-1,87,6,88,31,41.04,2.83,41.51,14.62,0.0
13002.0,42,77,15,97,36,34.22,6.67,43.11,16.0,0.0
13002.0,43,162,14,122,32,49.09,4.24,36.97,9.7,0.0
13002.0,44,129,9,68,49,50.59,3.53,26.67,19.22,0.0
13002.0,45,77,15,78,28,38.89,7.58,39.39,14.14,0.0
13002.0,45-1,20,3,48,20,21.98,3.3,52.75,21.98,0.0
13002.0,46,67,8,83,31,35.45,4.23,43.92,16.4,0.0
13002.0,47,53,10,81,21,32.12,6.06,49.09,12.73,0.0
13002.0,48,74,8,126,41,29.72,3.21,50.6,16.47,0.0
13002.0,49,51,12,90,36,26.98,6.35,47.62,19.05,0.0
13002.0,49-1,36,3,59,20,30.51,2.54,50.0,16.95,0.0
13002.0,5,35,11,58,34,25.36,7.97,42.03,24.64,0.0
13002.0,50,112,11,59,15,56.85,5.58,29.95,7.61,0.0
13002.0,50-1,113,10,63,21,54.59,4.83,30.43,10.14,0.0
13002.0,500,37,4,62,10,32.74,3.54,54.87,8.85,0.0
13002.0,501,24,8,55,2,26.97,8.99,61.8,2.25,0.0
13002.0,502,31,0,74,3,28.7,0.0,68.52,2.78,0.0
13002.0,503,20,2,71,10,19.42,1.94,68.93,9.71,0.0
13002.0,504,32,9,44,5,35.56,10.0,48.89,5.56,0.0
13002.0,505,18,1,71,4,19.15,1.06,75.53,4.26,0.0
13002.0,506,41,3,37,10,45.05,3.3,40.66,10.99,0.0
13002.0,51,85,12,82,29,40.87,5.77,39.42,13.94,0.0
13002.0,52,100,11,84,25,45.45,5.0,38.18,11.36,0.0
13002.0,53,108,25,82,52,40.45,9.36,30.71,19.48,0.0
13002.0,54,29,17,79,19,20.14,11.81,54.86,13.19,0.0
13002.0,54-1,22,8,106,10,15.07,5.48,72.6,6.85,0.0
13002.0,55,35,23,126,41,15.56,10.22,56.0,18.22,0.0
13002.0,55-1,28,10,82,19,20.14,7.19,58.99,13.67,0.0
13002.0,56,69,18,131,32,27.6,7.2,52.4,12.8,0.0
13002.0,56-1,39,9,75,19,27.46,6.34,52.82,13.38,0.0
13002.0,57,68,15,107,41,29.44,6.49,46.32,17.75,-0.0
13002.0,58,49,19,54,22,34.03,13.19,37.5,15.28,0.0
13002.0,58-1,57,7,43,17,45.97,5.65,34.68,13.71,0.0
13002.0,59,92,30,64,64,36.8,12.0,25.6,25.6,0.0
13002.0,6,67,22,96,55,27.92,9.17,40.0,22.92,0.0
13002.0,60,75,16,51,53,38.46,8.21,26.15,27.18,0.0
13002.0,600,97,14,165,51,29.66,4.28,50.46,15.6,0.0
13002.0,601,37,7,97,29,21.76,4.12,57.06,17.06,0.0
13002.0,602,104,9,145,31,35.99,3.11,50.17,10.73,0.0
13002.0,603,278,22,308,72,40.88,3.24,45.29,10.59,0.0
13002.0,604,53,9,77,15,34.42,5.84,50.0,9.74,0.0
13002.0,605,170,19,128,24,49.85,5.57,37.54,7.04,0.0
13002.0,606,87,11,167,40,28.52,3.61,54.75,13.11,0.0
13002.0,607,129,25,271,61,26.54,5.14,55.76,12.55,0.0
13002.0,608,114,17,42,30,56.16,8.37,20.69,14.78,0.0
13002.0,609,66,22,61,24,38.15,12.72,35.26,13.87,0.0
13002.0,61,68,21,34,41,41.46,12.8,20.73,25.0,0.0
13002.0,610,54,6,49,25,40.3,4.48,36.57,18.66,0.0
13002.0,611,73,17,217,43,20.86,4.86,62.0,12.29,0.0
13002.0,612,118,29,399,63,19.38,4.76,65.52,10.34,0.0
13002.0,613,72,16,187,49,22.22,4.94,57.72,15.12,0.0
13002.0,614,133,35,488,81,18.05,4.75,66.21,10.99,0.0
13002.0,615,92,18,139,54,30.36,5.94,45.87,17.82,0.0
13002.0,616,84,20,151,42,28.28,6.73,50.84,14.14,0.0
13002.0,617,26,8,51,15,26.0,8.0,51.0,15.0,0.0
13002.0,618,124,17,303,55,24.85,3.41,60.72,11.02,0.0
13002.0,619,68,22,172,42,22.37,7.24,56.58,13.82,0.0
13002.0,62,78,21,41,47,41.71,11.23,21.93,25.13,0.0
13002.0,63,93,30,81,82,32.52,10.49,28.32,28.67,0.0
13002.0,64,37,16,52,47,24.34,10.53,34.21,30.92,0.0
13002.0,64-1,45,7,26,27,42.86,6.67,24.76,25.71,0.0
13002.0,65,84,21,52,65,37.84,9.46,23.42,29.28,0.0
13002.0,66,93,23,67,75,36.05,8.91,25.97,29.07,0.0
13002.0,67,66,19,42,34,40.99,11.8,26.09,21.12,0.0
13002.0,67-1,53,19,31,18,43.8,15.7,25.62,14.88,0.0
13002.0,68,75,17,39,30,46.58,10.56,24.22,18.63,0.0
13002.0,69,106,29,19,33,56.68,15.51,10.16,17.65,0.0
13002.0,69-1,73,12,29,28,51.41,8.45,20.42,19.72,0.0
13002.0,69-2,78,13,23,16,60.0,10.0,17.69,12.31,0.0
13002.0,7,53,3,102,49,25.6,1.45,49.28,23.67,0.0
13002.0,70,62,16,24,32,46.27,11.94,17.91,23.88,0.0
13002.0,71,136,14,40,64,53.54,5.51,15.75,25.2,0.0
13002.0,72,72,21,26,17,52.94,15.44,19.12,12.5,0.0
13002.0,73,106,20,45,60,45.89,8.66,19.48,25.97,0.0
13002.0,74,89,27,17,40,51.45,15.61,9.83,23.12,0.0
13002.0,75,0,0,0,0,,,,,
13002.0,76,41,19,128,35,18.39,8.52,57.4,15.7,0.0
13002.0,77,43,17,155,41,16.8,6.64,60.55,16.02,0.0
13002.0,78,36,9,105,27,20.34,5.08,59.32,15.25,0.0
13002.0,79,26,13,124,59,11.71,5.86,55.86,26.58,0.0
13002.0,8,76,17,148,50,26.12,5.84,50.86,17.18,0.0
13002.0,8-1,48,12,86,21,28.74,7.19,51.5,12.57,0.0
13002.0,80,59,18,101,24,29.21,8.91,50.0,11.88,0.0
13002.0,80-1,17,11,89,26,11.89,7.69,62.24,18.18,0.0
13002.0,81,63,21,153,32,23.42,7.81,56.88,11.9,0.0
13002.0,82,55,30,127,28,22.92,12.5,52.92,11.67,0.0
13002.0,83,44,18,90,33,23.78,9.73,48.65,17.84,0.0
13002.0,84,40,14,118,32,19.61,6.86,57.84,15.69,0.0
13002.0,85,50,19,165,46,17.86,6.79,58.93,16.43,0.0
13002.0,86,44,21,141,34,18.33,8.75,58.75,14.17,0.0
13002.0,87,37,6,108,24,21.14,3.43,61.71,13.71,0.0
13002.0,88,50,8,121,30,23.92,3.83,57.89,14.35,0.0
13002.0,89,40,12,104,37,20.73,6.22,53.89,19.17,0.0
13002.0,9,48,15,119,36,22.02,6.88,54.59,16.51,0.0
13002.0,90,25,8,67,21,20.66,6.61,55.37,17.36,0.0
13002.0,91,40,11,106,36,20.73,5.7,54.92,18.65,0.0
13002.0,91-1,41,17,139,26,18.39,7.62,62.33,11.66,0.0
13002.0,92,27,2,51,22,26.47,1.96,50.0,21.57,0.0
13002.0,92-1,21,14,96,24,13.55,9.03,61.94,15.48,0.0
13002.0,93,60,11,122,39,25.86,4.74,52.59,16.81,0.0
13002.0,94,41,14,86,32,23.7,8.09,49.71,18.5,0.0
13002.0,94-1,49,25,70,28,28.49,14.53,40.7,16.28,0.0
13002.0,95,37,18,44,31,28.46,13.85,33.85,23.85,0.0
13002.0,96,125,25,96,47,42.66,8.53,32.76,16.04,0.0
13002.0,96-1,42,13,76,15,28.77,8.9,52.05,10.27,0.0
13002.0,97,47,19,92,34,24.48,9.9,47.92,17.71,0.0
13002.0,98,38,22,141,68,14.13,8.18,52.42,25.28,0.0
13002.0,99,0,0,0,0,,,,,
13002.0,S/R 1,52,9,30,9,52.0,9.0,30.0,9.0,0.0
13002.0,S/R 2,132,14,268,31,29.66,3.15,60.22,6.97,0.0
13003.0,1,124,22,79,40,46.62,8.27,29.7,15.04,0.38
13003.0,1-1,74,10,45,26,47.74,6.45,29.03,16.77,0.0
13003.0,10,72,19,47,20,45.57,12.03,29.75,12.66,0.0
13003.0,100,124,17,115,33,42.91,5.88,39.79,11.42,0.0
13003.0,101,106,18,92,22,44.35,7.53,38.49,9.21,0.42
13003.0,101-1,82,11,85,11,43.39,5.82,44.97,5.82,0.0
13003.0,102,107,25,100,24,41.63,9.73,38.91,9.34,0.39
13003.0,103,136,20,108,35,45.33,6.67,36.0,11.67,0.33
13003.0,104,85,19,47,31,46.7,10.44,25.82,17.03,0.0
13003.0,105,127,15,124,28,43.2,5.1,42.18,9.52,0.0
13003.0,106,93,16,74,19,46.04,7.92,36.63,9.41,0.0
13003.0,107,84,24,64,47,38.18,10.91,29.09,21.36,0.45
13003.0,108,215,42,76,106,48.53,9.48,17.16,23.93,0.9
13003.0,108-1,147,28,76,48,48.84,9.3,25.25,15.95,0.66
13003.0,108-2,63,11,23,39,45.65,7.97,16.67,28.26,1.45
13003.0,108-3,92,28,47,41,44.02,13.4,22.49,19.62,0.48
13003.0,109,45,13,26,34,38.14,11.02,22.03,28.81,0.0
13003.0,11,73,22,47,28,42.94,12.94,27.65,16.47,0.0
13003.0,110,52,10,23,19,50.0,9.62,22.12,18.27,0.0
13003.0,111,63,19,33,29,43.45,13.1,22.76,20.0,0.69
13003.0,112,63,19,44,33,39.13,11.8,27.33,20.5,1.24
13003.0,113,57,15,28,25,44.88,11.81,22.05,19.69,1.57
13003.0,114,37,7,22,25,40.22,7.61,23.91,27.17,1.09
13003.0,115,43,8,17,18,50.0,9.3,19.77,20.93,0.0
13003.0,116,50,14,23,31,42.37,11.86,19.49,26.27,0.0
13003.0,117,55,31,31,19,40.44,22.79,22.79,13.97,0.0
13003.0,118,67,21,16,15,55.37,17.36,13.22,12.4,1.65
13003.0,119,31,19,33,17,31.0,19.0,33.0,17.0,0.0
13003.0,12,66,19,53,24,40.24,11.59,32.32,14.63,1.22
13003.0,120,50,29,39,19,36.23,21.01,28.26,13.77,0.72
13003.0,121,68,20,25,23,49.64,14.6,18.25,16.79,0.73
13003.0,122,39,18,31,13,38.24,17.65,30.39,12.75,0.98
13003.0,123,38,37,27,30,28.57,27.82,20.3,22.56,0.75
13003.0,124,64,21,32,32,42.67,14.0,21.33,21.33,0.67
13003.0,125,63,26,46,25,39.13,16.15,28.57,15.53,0.62
13003.0,126,119,18,60,15,56.13,8.49,28.3,7.08,0.0
13003.0,127,133,14,56,27,57.58,6.06,24.24,11.69,0.43
13003.0,128,53,8,40,21,43.44,6.56,32.79,17.21,0.0
13003.0,128-1,49,12,18,17,50.52,12.37,18.56,17.53,1.03
13003.0,129,137,8,48,33,59.31,3.46,20.78,14.29,2.16
13003.0,129-1,72,6,29,28,53.33,4.44,21.48,20.74,0.0
13003.0,13,82,15,49,40,44.09,8.06,26.34,21.51,0.0
13003.0,130,101,18,45,39,49.75,8.87,22.17,19.21,0.0
13003.0,130-1,102,23,39,26,53.4,12.04,20.42,13.61,0.52
13003.0,131,80,7,36,40,48.78,4.27,21.95,24.39,0.61
13003.0,132,68,14,28,49,42.5,8.75,17.5,30.63,0.62
13003.0,133,129,19,24,35,62.32,9.18,11.59,16.91,0.0
13003.0,134,87,14,37,38,49.43,7.95,21.02,21.59,0.0
13003.0,134-1,76,11,40,31,48.1,6.96,25.32,19.62,0.0
13003.0,135,77,5,21,38,54.23,3.52,14.79,26.76,0.7
13003.0,135-1,90,10,30,36,54.22,6.02,18.07,21.69,0.0
13003.0,136,56,12,24,36,43.41,9.3,18.6,27.91,0.78
13003.0,137,87,9,41,35,50.58,5.23,23.84,20.35,0.0
13003.0,138,132,15,31,44,59.19,6.73,13.9,19.73,0.45
13003.0,139,124,21,41,50,52.54,8.9,17.37,21.19,0.0
13003.0,14,55,13,34,34,40.44,9.56,25.0,25.0,0.0
13003.0,140,82,6,13,17,69.49,5.08,11.02,14.41,0.0
13003.0,140-1,91,7,32,19,61.07,4.7,21.48,12.75,0.0
13003.0,141,120,8,42,12,65.93,4.4,23.08,6.59,0.0
13003.0,141-1,44,12,24,11,47.83,13.04,26.09,11.96,1.09
13003.0,142,69,13,43,20,47.26,8.9,29.45,13.7,0.68
13003.0,143,87,21,41,31,48.07,11.6,22.65,17.13,0.55
13003.0,144,129,20,57,38,52.44,8.13,23.17,15.45,0.81
13003.0,145,93,20,55,25,47.69,10.26,28.21,12.82,1.03
13003.0,145-1,56,6,20,15,57.73,6.19,20.62,15.46,0.0
13003.0,145-2,0,0,0,0,,,,,
13003.0,146,113,14,59,27,52.8,6.54,27.57,12.62,0.47
13003.0,146-1,106,16,17,21,65.84,9.94,10.56,13.04,0.62
13003.0,147,121,27,33,37,55.5,12.39,15.14,16.97,0.0
13003.0,148,85,15,35,30,51.52,9.09,21.21,18.18,0.0
13003.0,149,106,21,44,22,54.92,10.88,22.8,11.4,0.0
13003.0,15,73,13,51,40,40.78,7.26,28.49,22.35,1.12
13003.0,150,92,13,52,29,48.42,6.84,27.37,15.26,2.11
13003.0,151,136,17,58,35,55.28,6.91,23.58,14.23,0.0
13003.0,151-1,59,13,27,12,52.21,11.5,23.89,10.62,1.77
13003.0,152,179,17,69,50,56.83,5.4,21.9,15.87,0.0
13003.0,153,71,4,48,14,51.08,2.88,34.53,10.07,1.44
13003.0,154,51,11,8,21,56.04,12.09,8.79,23.08,0.0
13003.0,155,19,2,9,17,40.43,4.26,19.15,36.17,0.0
13003.0,156,66,5,33,15,55.0,4.17,27.5,12.5,0.83
13003.0,157,61,9,36,13,51.26,7.56,30.25,10.92,0.0
13003.0,158,65,7,29,26,51.18,5.51,22.83,20.47,0.0
13003.0,159,31,2,1,12,67.39,4.35,2.17,26.09,0.0
13003.0,16,74,18,54,48,37.76,9.18,27.55,24.49,1.02
13003.0,160,25,5,6,2,65.79,13.16,15.79,5.26,0.0
13003.0,161,0,0,0,0,,,,,
13003.0,161-1,54,7,9,17,61.36,7.95,10.23,19.32,1.14
13003.0,17,65,16,34,30,44.52,10.96,23.29,20.55,0.68
13003.0,18,75,17,66,9,44.64,10.12,39.29,5.36,0.6
13003.0,19,69,20,55,21,41.82,12.12,33.33,12.73,0.0
13003.0,2,55,9,31,23,46.61,7.63,26.27,19.49,0.0
13003.0,20,75,24,53,28,41.67,13.33,29.44,15.56,0.0
13003.0,21,108,13,75,32,47.37,5.7,32.89,14.04,0.0
13003.0,22,76,18,63,12,44.71,10.59,37.06,7.06,0.59
13003.0,23,141,31,105,25,46.69,10.26,34.77,8.28,0.0
13003.0,24,105,21,121,15,40.08,8.02,46.18,5.73,0.0
13003.0,25,83,17,67,39,40.29,8.25,32.52,18.93,0.0
13003.0,26,77,26,59,32,39.09,13.2,29.95,16.24,1.52
13003.0,27,86,33,55,56,37.39,14.35,23.91,24.35,0.0
13003.0,28,16,8,29,13,23.53,11.76,42.65,19.12,2.94
13003.0,28-1,20,6,45,19,21.98,6.59,49.45,20.88,1.1
13003.0,29,87,17,38,33,49.71,9.71,21.71,18.86,0.0
13003.0,3,64,9,22,32,50.0,7.03,17.19,25.0,0.78
13003.0,30,74,13,63,20,43.53,7.65,37.06,11.76,0.0
13003.0,31,72,21,29,40,44.17,12.88,17.79,24.54,0.61
13003.0,32,142,30,101,61,42.51,8.98,30.24,18.26,0.0
13003.0,33,88,17,62,52,40.18,7.76,28.31,23.74,0.0
13003.0,34,160,29,131,69,41.13,7.46,33.68,17.74,0.0
13003.0,35,114,18,80,32,46.72,7.38,32.79,13.11,0.0
13003.0,36,99,14,50,38,49.01,6.93,24.75,18.81,0.5
13003.0,37,61,12,53,39,36.97,7.27,32.12,23.64,0.0
13003.0,38,69,26,51,49,35.03,13.2,25.89,24.87,1.02
13003.0,39,55,15,25,21,47.41,12.93,21.55,18.1,0.0
13003.0,4,99,12,40,14,59.64,7.23,24.1,8.43,0.6
13003.0,40,138,23,75,32,51.3,8.55,27.88,11.9,0.37
13003.0,41,57,36,72,46,26.39,16.67,33.33,21.3,2.31
13003.0,42,83,31,88,43,33.74,12.6,35.77,17.48,0.41
13003.0,43,83,19,57,44,40.89,9.36,28.08,21.67,0.0
13003.0,44,95,25,42,35,47.03,12.38,20.79,17.33,2.48
13003.0,45,100,27,73,42,41.15,11.11,30.04,17.28,0.41
13003.0,46,81,9,42,30,50.0,5.56,25.93,18.52,0.0
13003.0,47,73,24,68,29,37.63,12.37,35.05,14.95,0.0
13003.0,48,89,25,70,33,41.01,11.52,32.26,15.21,0.0
13003.0,49,134,33,82,69,41.74,10.28,25.55,21.5,0.93
13003.0,5,55,15,36,22,42.97,11.72,28.12,17.19,0.0
13003.0,50,56,14,75,14,35.22,8.81,47.17,8.81,0.0
13003.0,500,18,8,23,4,33.33,14.81,42.59,7.41,1.85
13003.0,501,24,3,20,1,48.98,6.12,40.82,2.04,2.04
13003.0,502,16,3,15,5,41.03,7.69,38.46,12.82,0.0
13003.0,503,52,10,35,6,49.52,9.52,33.33,5.71,1.9
13003.0,504,38,1,29,10,48.1,1.27,36.71,12.66,1.27
13003.0,505,25,6,20,21,34.25,8.22,27.4,28.77,1.37
13003.0,506,48,3,25,2,60.76,3.8,31.65,2.53,1.27
13003.0,51,103,31,117,35,35.89,10.8,40.77,12.2,0.35
13003.0,52,128,19,123,38,41.42,6.15,39.81,12.3,0.32
13003.0,53,62,21,110,25,28.44,9.63,50.46,11.47,0.0
13003.0,54,89,20,48,58,41.2,9.26,22.22,26.85,0.46
13003.0,55,83,28,125,31,30.97,10.45,46.64,11.57,0.37
13003.0,56,108,43,161,17,32.83,13.07,48.94,5.17,0.0
13003.0,57,46,31,60,34,26.74,18.02,34.88,19.77,0.58
13003.0,58,19,20,46,24,17.43,18.35,42.2,22.02,0.0
13003.0,58-1,41,35,76,39,21.47,18.32,39.79,20.42,0.0
13003.0,59,21,21,75,39,13.38,13.38,47.77,24.84,0.64
13003.0,6,163,28,95,37,50.31,8.64,29.32,11.42,0.31
13003.0,60,32,39,75,34,17.58,21.43,41.21,18.68,1.1
13003.0,600,488,55,285,76,53.98,6.08,31.53,8.41,0.0
13003.0,601,250,44,147,54,50.4,8.87,29.64,10.89,0.2
13003.0,602,208,80,285,58,32.86,12.64,45.02,9.16,0.32
13003.0,603,208,32,167,35,47.06,7.24,37.78,7.92,0.0
13003.0,604,188,36,134,34,47.84,9.16,34.1,8.65,0.25
13003.0,605,351,80,243,63,47.63,10.85,32.97,8.55,0.0
13003.0,606,198,10,71,61,58.06,2.93,20.82,17.89,0.29
13003.0,607,210,24,107,23,57.69,6.59,29.4,6.32,0.0
13003.0,608,313,40,158,48,55.6,7.1,28.06,8.53,0.71
13003.0,609,223,42,100,44,54.39,10.24,24.39,10.73,0.24
13003.0,61,49,42,133,36,18.7,16.03,50.76,13.74,0.76
13003.0,610,245,118,136,76,42.46,20.45,23.57,13.17,0.35
13003.0,62,53,28,121,15,24.42,12.9,55.76,6.91,0.0
13003.0,63,23,29,74,40,13.86,17.47,44.58,24.1,0.0
13003.0,64,55,34,135,56,19.64,12.14,48.21,20.0,0.0
13003.0,65,58,42,111,39,22.83,16.54,43.7,15.35,1.57
13003.0,66,60,44,103,60,22.39,16.42,38.43,22.39,0.37
13003.0,67,55,25,96,13,29.1,13.23,50.79,6.88,0.0
13003.0,68,40,24,67,38,23.53,14.12,39.41,22.35,0.59
13003.0,69,60,27,86,25,30.3,13.64,43.43,12.63,0.0
13003.0,7,202,35,120,75,46.65,8.08,27.71,17.32,0.23
13003.0,7-1,134,21,120,42,42.14,6.6,37.74,13.21,0.31
13003.0,70,44,24,61,29,27.85,15.19,38.61,18.35,0.0
13003.0,71,24,7,36,26,25.53,7.45,38.3,27.66,1.06
13003.0,71-1,54,27,72,37,28.27,14.14,37.7,19.37,0.52
13003.0,72,84,49,131,81,24.35,14.2,37.97,23.48,0.0
13003.0,73,52,67,99,101,16.2,20.87,30.84,31.46,0.62
13003.0,74,55,28,78,28,29.1,14.81,41.27,14.81,0.0
13003.0,75,41,14,69,25,27.52,9.4,46.31,16.78,0.0
13003.0,76,55,17,96,10,30.9,9.55,53.93,5.62,0.0
13003.0,77,72,25,116,28,29.63,10.29,47.74,11.52,0.82
13003.0,78,72,14,60,21,42.86,8.33,35.71,12.5,0.6
13003.0,79,34,3,32,39,31.48,2.78,29.63,36.11,0.0
13003.0,8,77,26,76,22,38.12,12.87,37.62,10.89,0.5
13003.0,80,15,11,22,12,25.0,18.33,36.67,20.0,0.0
13003.0,81,34,14,60,30,24.46,10.07,43.17,21.58,0.72
13003.0,82,53,22,67,45,28.34,11.76,35.83,24.06,0.0
13003.0,83,114,26,151,22,36.42,8.31,48.24,7.03,0.0
13003.0,84,59,21,65,38,32.07,11.41,35.33,20.65,0.54
13003.0,85,58,15,67,17,36.94,9.55,42.68,10.83,0.0
13003.0,86,66,24,85,28,31.88,11.59,41.06,13.53,1.93
13003.0,87,40,20,51,36,27.21,13.61,34.69,24.49,0.0
13003.0,88,28,11,33,21,30.11,11.83,35.48,22.58,0.0
13003.0,89,40,25,64,49,22.35,13.97,35.75,27.37,0.56
13003.0,9,97,18,76,30,43.69,8.11,34.23,13.51,0.45
13003.0,90,78,33,116,27,30.59,12.94,45.49,10.59,0.39
13003.0,91,82,31,121,22,31.66,11.97,46.72,8.49,1.16
13003.0,92,62,29,105,30,27.31,12.78,46.26,13.22,0.44
13003.0,93,57,16,74,26,32.76,9.2,42.53,14.94,0.57
13003.0,94,60,28,61,45,30.46,14.21,30.96,22.84,1.52
13003.0,95,97,36,146,49,29.57,10.98,44.51,14.94,0.0
13003.0,96,131,48,120,57,36.8,13.48,33.71,16.01,0.0
13003.0,97,109,22,85,55,39.93,8.06,31.14,20.15,0.73
13003.0,98,43,17,24,27,38.74,15.32,21.62,24.32,0.0
13003.0,99,82,30,76,49,34.6,12.66,32.07,20.68,0.0
13003.0,S/R 1,336,25,78,37,70.29,5.23,16.32,7.74,0.42
13003.0,S/R 2,469,101,412,110,42.79,9.22,37.59,10.04,0.36
13004.0,1,101,19,33,46,50.75,9.55,16.58,23.12,0.0
13004.0,10,80,24,24,51,44.69,13.41,13.41,28.49,0.0
13004.0,100,124,18,48,55,50.61,7.35,19.59,22.45,0.0
13004.0,101,47,6,24,38,40.87,5.22,20.87,33.04,0.0
13004.0,102,57,17,33,47,37.01,11.04,21.43,30.52,0.0
13004.0,103,140,22,47,72,49.82,7.83,16.73,25.62,0.0
13004.0,104,114,13,46,78,45.42,5.18,18.33,31.08,0.0
13004.0,105,97,16,36,63,45.75,7.55,16.98,29.72,0.0
13004.0,106,79,14,30,52,45.14,8.0,17.14,29.71,0.0
13004.0,107,124,18,61,93,41.89,6.08,20.61,31.42,0.0
13004.0,108,78,16,27,38,49.06,10.06,16.98,23.9,0.0
13004.0,109,121,26,42,56,49.39,10.61,17.14,22.86,0.0
13004.0,11,81,8,25,41,52.26,5.16,16.13,26.45,0.0
13004.0,110,59,8,19,47,44.36,6.02,14.29,35.34,0.0
13004.0,111,87,12,29,59,46.52,6.42,15.51,31.55,0.0
13004.0,112,142,23,56,98,44.51,7.21,17.55,30.72,0.0
13004.0,113,100,7,28,71,48.54,3.4,13.59,34.47,0.0
13004.0,114,168,25,47,106,48.55,7.23,13.58,30.64,0.0
13004.0,115,109,11,35,57,51.42,5.19,16.51,26.89,0.0
13004.0,116,79,13,41,65,39.9,6.57,20.71,32.83,0.0
13004.0,117,146,25,59,114,42.44,7.27,17.15,33.14,0.0
13004.0,118,91,10,39,80,41.36,4.55,17.73,36.36,0.0
13004.0,119,104,20,40,49,48.83,9.39,18.78,23.0,0.0
13004.0,12,87,15,31,33,52.41,9.04,18.67,19.88,0.0
13004.0,120,110,10,41,49,52.38,4.76,19.52,23.33,0.0
13004.0,121,98,15,44,38,50.26,7.69,22.56,19.49,0.0
13004.0,121-1,72,18,32,33,46.45,11.61,20.65,21.29,0.0
13004.0,122,133,27,57,69,46.5,9.44,19.93,24.13,0.0
13004.0,123,84,4,44,44,47.73,2.27,25.0,25.0,0.0
13004.0,124,70,7,21,29,55.12,5.51,16.54,22.83,0.0
13004.0,125,57,10,21,54,40.14,7.04,14.79,38.03,0.0
13004.0,126,0,0,0,0,,,,,
13004.0,127,56,3,20,24,54.37,2.91,19.42,23.3,0.0
13004.0,128,99,8,50,32,52.38,4.23,26.46,16.93,0.0
13004.0,128-1,98,7,32,38,56.0,4.0,18.29,21.71,0.0
13004.0,129,82,7,31,28,55.41,4.73,20.95,18.92,0.0
13004.0,129-1,110,7,40,63,50.0,3.18,18.18,28.64,0.0
13004.0,13,93,18,16,62,49.21,9.52,8.47,32.8,0.0
13004.0,130,96,14,37,51,48.48,7.07,18.69,25.76,0.0
13004.0,131,72,13,26,44,46.45,8.39,16.77,28.39,0.0
13004.0,132,89,8,33,20,59.33,5.33,22.0,13.33,0.0
13004.0,132-1,75,12,30,26,52.45,8.39,20.98,18.18,0.0
13004.0,133,172,16,68,57,54.95,5.11,21.73,18.21,0.0
13004.0,134,102,18,57,49,45.13,7.96,25.22,21.68,0.0
13004.0,135,140,19,70,45,51.09,6.93,25.55,16.42,0.0
13004.0,135-1,114,8,76,38,48.31,3.39,32.2,16.1,0.0
13004.0,136,106,18,53,51,46.49,7.89,23.25,22.37,0.0
13004.0,137,89,14,57,65,39.56,6.22,25.33,28.89,0.0
13004.0,138,129,14,64,52,49.81,5.41,24.71,20.08,0.0
13004.0,139,115,18,49,43,51.11,8.0,21.78,19.11,0.0
13004.0,14,162,26,40,65,55.29,8.87,13.65,22.18,0.0
13004.0,15,151,11,20,41,67.71,4.93,8.97,18.39,0.0
13004.0,16,86,16,16,57,49.14,9.14,9.14,32.57,0.0
13004.0,17,27,5,5,27,42.19,7.81,7.81,42.19,0.0
13004.0,18,119,15,43,49,52.65,6.64,19.03,21.68,0.0
13004.0,19,100,14,36,41,52.36,7.33,18.85,21.47,0.0
13004.0,2,105,15,46,57,47.09,6.73,20.63,25.56,0.0
13004.0,20,69,17,12,41,49.64,12.23,8.63,29.5,0.0
13004.0,20-1,63,13,21,47,43.75,9.03,14.58,32.64,0.0
13004.0,21,83,13,17,43,53.21,8.33,10.9,27.56,0.0
13004.0,22,95,19,25,56,48.72,9.74,12.82,28.72,0.0
13004.0,23,84,8,11,32,62.22,5.93,8.15,23.7,0.0
13004.0,24,144,30,31,40,58.78,12.24,12.65,16.33,0.0
13004.0,25,93,8,12,57,54.71,4.71,7.06,33.53,0.0
13004.0,26,109,9,16,48,59.89,4.95,8.79,26.37,0.0
13004.0,27,125,22,17,53,57.6,10.14,7.83,24.42,0.0
13004.0,28,157,26,23,51,61.09,10.12,8.95,19.84,0.0
13004.0,29,117,14,9,49,61.9,7.41,4.76,25.93,0.0
13004.0,3,82,4,8,22,70.69,3.45,6.9,18.97,0.0
13004.0,30,109,11,13,52,58.92,5.95,7.03,28.11,0.0
13004.0,31,111,8,19,50,59.04,4.26,10.11,26.6,0.0
13004.0,32,125,18,34,36,58.69,8.45,15.96,16.9,0.0
13004.0,33,132,23,45,62,50.38,8.78,17.18,23.66,0.0
13004.0,34,102,20,43,60,45.33,8.89,19.11,26.67,0.0
13004.0,35,104,28,34,56,46.85,12.61,15.32,25.23,0.0
13004.0,36,119,16,37,74,48.37,6.5,15.04,30.08,0.0
13004.0,37,97,7,21,46,56.73,4.09,12.28,26.9,0.0
13004.0,38,77,16,27,65,41.62,8.65,14.59,35.14,0.0
13004.0,39,123,32,48,84,42.86,11.15,16.72,29.27,0.0
13004.0,4,72,10,20,26,56.25,7.81,15.62,20.31,0.0
13004.0,4-1,130,14,53,56,51.38,5.53,20.95,22.13,0.0
13004.0,40,167,34,89,72,46.13,9.39,24.59,19.89,0.0
13004.0,41,66,13,31,76,35.48,6.99,16.67,40.86,0.0
13004.0,42,114,22,33,56,50.67,9.78,14.67,24.89,0.0
13004.0,43,136,45,53,96,41.21,13.64,16.06,29.09,0.0
13004.0,44,93,22,22,49,50.0,11.83,11.83,26.34,0.0
13004.0,45,94,25,33,46,47.47,12.63,16.67,23.23,0.0
13004.0,46,142,19,40,59,54.62,7.31,15.38,22.69,0.0
13004.0,47,115,29,29,61,49.15,12.39,12.39,26.07,0.0
13004.0,48,101,17,14,51,55.19,9.29,7.65,27.87,0.0
13004.0,49,97,30,17,52,49.49,15.31,8.67,26.53,0.0
13004.0,5,0,0,0,0,,,,,
13004.0,50,90,14,13,31,60.81,9.46,8.78,20.95,0.0
13004.0,500,22,6,14,10,42.31,11.54,26.92,19.23,0.0
13004.0,501,19,3,10,10,45.24,7.14,23.81,23.81,0.0
13004.0,502,28,7,13,7,50.91,12.73,23.64,12.73,0.0
13004.0,503,36,7,14,12,52.17,10.14,20.29,17.39,0.0
13004.0,51,162,16,24,50,64.29,6.35,9.52,19.84,0.0
13004.0,52,103,15,11,41,60.59,8.82,6.47,24.12,0.0
13004.0,53,126,16,9,55,61.17,7.77,4.37,26.7,0.0
13004.0,54,91,24,26,49,47.89,12.63,13.68,25.79,0.0
13004.0,55,66,5,27,26,53.23,4.03,21.77,20.97,0.0
13004.0,56,75,9,34,33,49.67,5.96,22.52,21.85,0.0
13004.0,57,89,16,45,46,45.41,8.16,22.96,23.47,0.0
13004.0,58,92,24,19,28,56.44,14.72,11.66,17.18,0.0
13004.0,59,74,18,33,46,43.27,10.53,19.3,26.9,0.0
13004.0,6,78,21,16,59,44.83,12.07,9.2,33.91,0.0
13004.0,60,70,11,30,41,46.05,7.24,19.74,26.97,0.0
13004.0,600,26,2,16,8,50.0,3.85,30.77,15.38,0.0
13004.0,601,172,22,48,50,58.9,7.53,16.44,17.12,0.0
13004.0,602,240,18,47,67,64.52,4.84,12.63,18.01,0.0
13004.0,603,176,26,67,51,55.0,8.12,20.94,15.94,0.0
13004.0,604,138,16,44,47,56.33,6.53,17.96,19.18,0.0
13004.0,605,109,8,18,28,66.87,4.91,11.04,17.18,0.0
13004.0,606,58,6,11,15,64.44,6.67,12.22,16.67,0.0
13004.0,607,150,10,74,46,53.57,3.57,26.43,16.43,0.0
13004.0,608,238,14,105,41,59.8,3.52,26.38,10.3,0.0
13004.0,609,75,4,21,12,66.96,3.57,18.75,10.71,0.0
13004.0,61,90,19,37,56,44.55,9.41,18.32,27.72,0.0
13004.0,610,97,9,37,41,52.72,4.89,20.11,22.28,0.0
13004.0,611,71,3,42,11,55.91,2.36,33.07,8.66,0.0
13004.0,612,229,20,86,86,54.39,4.75,20.43,20.43,0.0
13004.0,613,96,10,30,35,56.14,5.85,17.54,20.47,0.0
13004.0,614,340,36,119,78,59.34,6.28,20.77,13.61,0.0
13004.0,615,278,32,122,66,55.82,6.43,24.5,13.25,0.0
13004.0,62,131,14,23,40,62.98,6.73,11.06,19.23,0.0
13004.0,63,118,7,31,26,64.84,3.85,17.03,14.29,0.0
13004.0,64,100,16,28,37,55.25,8.84,15.47,20.44,0.0
13004.0,65,111,9,46,43,53.11,4.31,22.01,20.57,0.0
13004.0,66,102,12,28,39,56.35,6.63,15.47,21.55,0.0
13004.0,67,108,13,24,31,61.36,7.39,13.64,17.61,0.0
13004.0,68,100,18,31,69,45.87,8.26,14.22,31.65,0.0
13004.0,69,61,11,34,30,44.85,8.09,25.0,22.06,0.0
13004.0,7,106,12,33,64,49.3,5.58,15.35,29.77,0.0
13004.0,70,64,15,32,25,47.06,11.03,23.53,18.38,0.0
13004.0,71,55,9,23,33,45.83,7.5,19.17,27.5,0.0
13004.0,72,62,5,17,27,55.86,4.5,15.32,24.32,0.0
13004.0,73,84,13,44,52,43.52,6.74,22.8,26.94,0.0
13004.0,74,121,19,35,75,48.4,7.6,14.0,30.0,0.0
13004.0,75,60,1,13,55,46.51,0.78,10.08,42.64,0.0
13004.0,76,104,13,28,47,54.17,6.77,14.58,24.48,0.0
13004.0,77,59,11,17,41,46.09,8.59,13.28,32.03,0.0
13004.0,78,75,13,27,44,47.17,8.18,16.98,27.67,0.0
13004.0,79,24,12,6,15,42.11,21.05,10.53,26.32,0.0
13004.0,8,143,24,22,60,57.43,9.64,8.84,24.1,0.0
13004.0,80,66,6,33,36,46.81,4.26,23.4,25.53,0.0
13004.0,81,86,11,43,20,53.75,6.88,26.88,12.5,0.0
13004.0,82,103,6,35,20,62.8,3.66,21.34,12.2,0.0
13004.0,83,63,25,29,29,43.15,17.12,19.86,19.86,0.0
13004.0,84,69,4,23,22,58.47,3.39,19.49,18.64,0.0
13004.0,85,68,8,21,20,58.12,6.84,17.95,17.09,0.0
13004.0,86,115,12,56,35,52.75,5.5,25.69,16.06,0.0
13004.0,87,95,5,34,34,56.55,2.98,20.24,20.24,0.0
13004.0,88,75,6,22,25,58.59,4.69,17.19,19.53,0.0
13004.0,89,57,12,25,27,47.11,9.92,20.66,22.31,0.0
13004.0,9,81,17,16,32,55.48,11.64,10.96,21.92,0.0
13004.0,90,59,4,21,18,57.84,3.92,20.59,17.65,0.0
13004.0,91,97,11,55,45,46.63,5.29,26.44,21.63,0.0
13004.0,92,76,11,57,49,39.38,5.7,29.53,25.39,0.0
13004.0,93,128,27,64,51,47.41,10.0,23.7,18.89,0.0
13004.0,94,131,23,34,70,50.78,8.91,13.18,27.13,0.0
13004.0,95,92,18,37,70,42.4,8.29,17.05,32.26,0.0
13004.0,96,169,11,32,78,58.28,3.79,11.03,26.9,0.0
13004.0,97,127,16,21,88,50.4,6.35,8.33,34.92,0.0
13004.0,98,133,9,42,83,49.81,3.37,15.73,31.09,0.0
13004.0,99,103,9,23,50,55.68,4.86,12.43,27.03,0.0
13004.0,S/R 1,91,7,19,22,65.47,5.04,13.67,15.83,0.0
13004.0,S/R 2,262,28,95,74,57.08,6.1,20.7,16.12,0.0
13005.0,1,29,0,40,55,23.39,0.0,32.26,44.35,0.0
13005.0,10,26,2,36,41,24.76,1.9,34.29,39.05,0.0
13005.0,100,56,3,73,20,36.84,1.97,48.03,13.16,0.0
13005.0,101,42,5,98,20,25.45,3.03,59.39,12.12,0.0
13005.0,102,70,6,106,16,35.35,3.03,53.54,8.08,0.0
13005.0,103,73,2,70,21,43.98,1.2,42.17,12.65,0.0
13005.0,104,46,3,53,15,39.32,2.56,45.3,12.82,0.0
13005.0,105,48,5,58,19,36.92,3.85,44.62,14.62,0.0
13005.0,106,53,9,78,13,34.64,5.88,50.98,8.5,0.0
13005.0,107,63,5,87,20,36.0,2.86,49.71,11.43,0.0
13005.0,108,51,5,68,12,37.5,3.68,50.0,8.82,0.0
13005.0,109,69,3,92,25,36.51,1.59,48.68,13.23,0.0
13005.0,11,38,1,78,66,20.77,0.55,42.62,36.07,0.0
13005.0,11-1,14,6,16,43,17.72,7.59,20.25,54.43,0.0
13005.0,110,54,6,71,7,39.13,4.35,51.45,5.07,0.0
13005.0,111,50,2,60,7,42.02,1.68,50.42,5.88,0.0
13005.0,112,50,4,80,12,34.25,2.74,54.79,8.22,0.0
13005.0,113,55,9,87,23,31.61,5.17,50.0,13.22,0.0
13005.0,114,56,4,88,14,34.57,2.47,54.32,8.64,0.0
13005.0,115,68,3,62,13,46.58,2.05,42.47,8.9,0.0
13005.0,116,25,2,24,8,42.37,3.39,40.68,13.56,0.0
13005.0,117,45,4,70,12,34.35,3.05,53.44,9.16,0.0
13005.0,118,33,1,63,24,27.27,0.83,52.07,19.83,0.0
13005.0,119,75,6,112,14,36.23,2.9,54.11,6.76,0.0
13005.0,12,43,7,82,41,24.86,4.05,47.4,23.7,0.0
13005.0,120,68,8,101,30,32.85,3.86,48.79,14.49,0.0
13005.0,121,96,11,129,37,35.16,4.03,47.25,13.55,0.0
13005.0,122,52,8,110,19,27.51,4.23,58.2,10.05,0.0
13005.0,123,87,9,95,19,41.43,4.29,45.24,9.05,0.0
13005.0,124,55,3,42,7,51.4,2.8,39.25,6.54,0.0
13005.0,125,0,0,0,0,,,,,
13005.0,126,73,7,108,29,33.64,3.23,49.77,13.36,0.0
13005.0,127,62,10,123,32,27.31,4.41,54.19,14.1,0.0
13005.0,128,60,8,113,26,28.99,3.86,54.59,12.56,0.0
13005.0,129,35,1,56,15,32.71,0.93,52.34,14.02,0.0
13005.0,13,66,23,79,57,29.33,10.22,35.11,25.33,0.0
13005.0,130,56,3,123,22,27.45,1.47,60.29,10.78,0.0
13005.0,131,93,6,111,23,39.91,2.58,47.64,9.87,0.0
13005.0,132,85,5,84,13,45.45,2.67,44.92,6.95,0.0
13005.0,133,53,8,100,37,26.77,4.04,50.51,18.69,0.0
13005.0,134,36,5,52,28,29.75,4.13,42.98,23.14,0.0
13005.0,135,96,17,55,30,48.48,8.59,27.78,15.15,0.0
13005.0,136,82,12,55,21,48.24,7.06,32.35,12.35,0.0
13005.0,137,53,4,45,16,44.92,3.39,38.14,13.56,0.0
13005.0,138,81,6,70,28,43.78,3.24,37.84,15.14,0.0
13005.0,139,79,7,46,18,52.67,4.67,30.67,12.0,0.0
13005.0,14,45,6,47,37,33.33,4.44,34.81,27.41,0.0
13005.0,140,49,2,35,11,50.52,2.06,36.08,11.34,0.0
13005.0,141,75,7,90,16,39.89,3.72,47.87,8.51,0.0
13005.0,142,77,7,83,25,40.1,3.65,43.23,13.02,0.0
13005.0,143,98,5,74,16,50.78,2.59,38.34,8.29,0.0
13005.0,144,117,4,74,4,58.79,2.01,37.19,2.01,0.0
13005.0,145,0,0,0,0,,,,,
13005.0,146,148,2,71,7,64.91,0.88,31.14,3.07,0.0
13005.0,147,92,3,64,21,51.11,1.67,35.56,11.67,0.0
13005.0,148,96,9,87,13,46.83,4.39,42.44,6.34,0.0
13005.0,149,65,0,40,4,59.63,0.0,36.7,3.67,0.0
13005.0,15,50,14,106,66,21.19,5.93,44.92,27.97,0.0
13005.0,150,64,0,90,8,39.51,0.0,55.56,4.94,0.0
13005.0,150-1,71,1,69,12,46.41,0.65,45.1,7.84,0.0
13005.0,151,133,6,59,12,63.33,2.86,28.1,5.71,0.0
13005.0,152,118,3,77,17,54.88,1.4,35.81,7.91,0.0
13005.0,153,104,6,76,23,49.76,2.87,36.36,11.0,0.0
13005.0,16,27,6,95,51,15.08,3.35,53.07,28.49,0.0
13005.0,17,19,3,90,36,12.84,2.03,60.81,24.32,0.0
13005.0,18,27,8,111,47,13.99,4.15,57.51,24.35,0.0
13005.0,19,34,4,83,60,18.78,2.21,45.86,33.15,0.0
13005.0,2,36,5,41,32,31.58,4.39,35.96,28.07,0.0
13005.0,20,17,3,61,37,14.41,2.54,51.69,31.36,0.0
13005.0,21,54,7,80,54,27.69,3.59,41.03,27.69,0.0
13005.0,22,38,5,87,39,22.49,2.96,51.48,23.08,0.0
13005.0,23,57,10,81,54,28.22,4.95,40.1,26.73,0.0
13005.0,24,28,5,65,47,19.31,3.45,44.83,32.41,0.0
13005.0,25,49,7,73,55,26.63,3.8,39.67,29.89,0.0
13005.0,26,49,8,78,37,28.49,4.65,45.35,21.51,0.0
13005.0,27,36,5,87,43,21.05,2.92,50.88,25.15,0.0
13005.0,28,48,6,85,23,29.63,3.7,52.47,14.2,0.0
13005.0,29,53,7,80,32,30.81,4.07,46.51,18.6,0.0
13005.0,3,40,3,60,48,26.49,1.99,39.74,31.79,0.0
13005.0,30,49,12,74,26,30.43,7.45,45.96,16.15,0.0
13005.0,31,30,3,54,35,24.59,2.46,44.26,28.69,0.0
13005.0,32,43,7,63,22,31.85,5.19,46.67,16.3,0.0
13005.0,33,33,4,55,21,29.2,3.54,48.67,18.58,0.0
13005.0,34,52,7,93,31,28.42,3.83,50.82,16.94,0.0
13005.0,35,56,12,81,36,30.27,6.49,43.78,19.46,0.0
13005.0,36,80,9,109,36,34.19,3.85,46.58,15.38,0.0
13005.0,37,28,8,58,18,25.0,7.14,51.79,16.07,0.0
13005.0,38,28,4,55,31,23.73,3.39,46.61,26.27,0.0
13005.0,39,40,8,56,28,30.3,6.06,42.42,21.21,0.0
13005.0,4,32,5,39,52,25.0,3.91,30.47,40.62,0.0
13005.0,40,28,4,34,20,32.56,4.65,39.53,23.26,0.0
13005.0,41,61,10,119,47,25.74,4.22,50.21,19.83,0.0
13005.0,42,50,13,97,54,23.36,6.07,45.33,25.23,0.0
13005.0,43,103,15,91,54,39.16,5.7,34.6,20.53,0.0
13005.0,44,84,13,107,52,32.81,5.08,41.8,20.31,0.0
13005.0,45,32,9,105,57,15.76,4.43,51.72,28.08,0.0
13005.0,46,33,13,97,45,17.55,6.91,51.6,23.94,0.0
13005.0,47,47,5,130,37,21.46,2.28,59.36,16.89,0.0
13005.0,48,61,8,39,26,45.52,5.97,29.1,19.4,0.0
13005.0,49,59,9,52,24,40.97,6.25,36.11,16.67,0.0
13005.0,5,32,3,41,52,25.0,2.34,32.03,40.62,0.0
13005.0,50,50,8,94,33,27.03,4.32,50.81,17.84,0.0
13005.0,500,23,2,66,5,23.96,2.08,68.75,5.21,0.0
13005.0,501,59,4,71,22,37.82,2.56,45.51,14.1,0.0
13005.0,502,29,6,43,6,34.52,7.14,51.19,7.14,0.0
13005.0,503,29,7,51,5,31.52,7.61,55.43,5.43,0.0
13005.0,504,33,2,40,6,40.74,2.47,49.38,7.41,0.0
13005.0,505,34,2,32,6,45.95,2.7,43.24,8.11,0.0
13005.0,506,57,3,63,5,44.53,2.34,49.22,3.91,0.0
13005.0,507,23,2,64,5,24.47,2.13,68.09,5.32,0.0
13005.0,51,35,2,32,18,40.23,2.3,36.78,20.69,0.0
13005.0,52,50,8,84,55,25.38,4.06,42.64,27.92,0.0
13005.0,53,31,2,78,25,22.79,1.47,57.35,18.38,0.0
13005.0,54,49,13,108,50,22.27,5.91,49.09,22.73,0.0
13005.0,55,36,10,126,33,17.56,4.88,61.46,16.1,0.0
13005.0,56,78,28,324,99,14.74,5.29,61.25,18.71,0.0
13005.0,57,17,6,72,37,12.88,4.55,54.55,28.03,0.0
13005.0,58,42,12,124,53,18.18,5.19,53.68,22.94,0.0
13005.0,59,47,11,106,44,22.6,5.29,50.96,21.15,0.0
13005.0,6,17,2,39,39,17.53,2.06,40.21,40.21,0.0
13005.0,60,54,7,139,70,20.0,2.59,51.48,25.93,0.0
13005.0,600,181,22,295,164,27.34,3.32,44.56,24.77,0.0
13005.0,601,116,17,192,84,28.36,4.16,46.94,20.54,0.0
13005.0,602,272,35,315,112,37.06,4.77,42.92,15.26,0.0
13005.0,603,121,16,151,49,35.91,4.75,44.81,14.54,0.0
13005.0,604,247,17,372,44,36.32,2.5,54.71,6.47,0.0
13005.0,605,146,18,122,29,46.35,5.71,38.73,9.21,0.0
13005.0,606,37,13,146,11,17.87,6.28,70.53,5.31,0.0
13005.0,607,243,14,309,53,39.26,2.26,49.92,8.56,0.0
13005.0,608,362,12,471,70,39.56,1.31,51.48,7.65,0.0
13005.0,609,150,11,273,35,31.98,2.35,58.21,7.46,0.0
13005.0,61,57,12,116,66,22.71,4.78,46.22,26.29,0.0
13005.0,610,168,4,159,43,44.92,1.07,42.51,11.5,0.0
13005.0,611,74,1,68,5,50.0,0.68,45.95,3.38,0.0
13005.0,62,72,13,62,31,40.45,7.3,34.83,17.42,0.0
13005.0,62-1,38,5,46,20,34.86,4.59,42.2,18.35,0.0
13005.0,63,25,7,54,10,26.04,7.29,56.25,10.42,0.0
13005.0,64,101,11,91,25,44.3,4.82,39.91,10.96,0.0
13005.0,65,92,12,60,46,43.81,5.71,28.57,21.9,0.0
13005.0,66,108,10,72,38,47.37,4.39,31.58,16.67,0.0
13005.0,66-1,79,9,50,27,47.88,5.45,30.3,16.36,0.0
13005.0,67,59,12,75,29,33.71,6.86,42.86,16.57,0.0
13005.0,68,74,15,83,36,35.58,7.21,39.9,17.31,0.0
13005.0,69,22,8,109,14,14.38,5.23,71.24,9.15,0.0
13005.0,7,17,2,60,49,13.28,1.56,46.88,38.28,0.0
13005.0,70,46,35,96,35,21.7,16.51,45.28,16.51,0.0
13005.0,71,32,19,143,27,14.48,8.6,64.71,12.22,0.0
13005.0,72,20,12,126,25,10.93,6.56,68.85,13.66,0.0
13005.0,73,42,12,107,38,21.11,6.03,53.77,19.1,0.0
13005.0,74,38,12,122,23,19.49,6.15,62.56,11.79,0.0
13005.0,75,0,0,0,0,,,,,
13005.0,76,51,3,91,38,27.87,1.64,49.73,20.77,0.0
13005.0,77,74,6,119,31,32.17,2.61,51.74,13.48,0.0
13005.0,78,71,11,107,38,31.28,4.85,47.14,16.74,0.0
13005.0,79,46,3,86,34,27.22,1.78,50.89,20.12,0.0
13005.0,8,32,4,35,31,31.37,3.92,34.31,30.39,0.0
13005.0,80,91,3,101,22,41.94,1.38,46.54,10.14,0.0
13005.0,81,30,1,27,6,46.88,1.56,42.19,9.38,0.0
13005.0,82,84,8,103,25,38.18,3.64,46.82,11.36,0.0
13005.0,83,82,9,88,11,43.16,4.74,46.32,5.79,0.0
13005.0,84,59,10,75,28,34.3,5.81,43.6,16.28,0.0
13005.0,85,45,1,80,15,31.91,0.71,56.74,10.64,0.0
13005.0,86,64,8,97,16,34.59,4.32,52.43,8.65,0.0
13005.0,87,77,4,89,21,40.31,2.09,46.6,10.99,0.0
13005.0,88,66,4,80,17,39.52,2.4,47.9,10.18,0.0
13005.0,89,0,0,0,0,,,,,
13005.0,9,19,7,42,54,15.57,5.74,34.43,44.26,0.0
13005.0,90,56,6,130,23,26.05,2.79,60.47,10.7,0.0
13005.0,91,103,0,115,25,42.39,0.0,47.33,10.29,0.0
13005.0,92,171,8,260,57,34.48,1.61,52.42,11.49,0.0
13005.0,93,0,0,0,0,,,,,
13005.0,94,52,9,111,15,27.81,4.81,59.36,8.02,0.0
13005.0,95,0,0,0,0,,,,,
13005.0,96,78,7,110,19,36.45,3.27,51.4,8.88,0.0
13005.0,97,55,5,64,16,39.29,3.57,45.71,11.43,0.0
13005.0,98,67,3,103,8,37.02,1.66,56.91,4.42,0.0
13005.0,99,41,4,91,15,27.15,2.65,60.26,9.93,0.0
13005.0,S/R 1,72,7,39,15,54.14,5.26,29.32,11.28,0.0
13005.0,S/R 2,309,21,425,68,37.55,2.55,51.64,8.26,0.0
13006.0,1,60,10,61,70,29.85,4.98,30.35,34.83,0.0
13006.0,10,48,9,40,24,39.67,7.44,33.06,19.83,0.0
13006.0,100,74,11,97,82,28.03,4.17,36.74,31.06,0.0
13006.0,101,80,8,50,32,47.06,4.71,29.41,18.82,0.0
13006.0,102,148,4,77,21,59.2,1.6,30.8,8.4,0.0
13006.0,103,142,6,37,31,65.74,2.78,17.13,14.35,0.0
13006.0,104,63,1,41,31,46.32,0.74,30.15,22.79,0.0
13006.0,105,176,6,75,17,64.23,2.19,27.37,6.2,0.0
13006.0,106,55,1,44,20,45.83,0.83,36.67,16.67,0.0
13006.0,107,64,5,42,18,49.61,3.88,32.56,13.95,0.0
13006.0,108,67,8,83,57,31.16,3.72,38.6,26.51,0.0
13006.0,109,21,1,25,9,37.5,1.79,44.64,16.07,0.0
13006.0,11,70,5,39,21,51.85,3.7,28.89,15.56,0.0
13006.0,110,76,10,112,31,33.19,4.37,48.91,13.54,0.0
13006.0,111,39,0,36,8,46.99,0.0,43.37,9.64,0.0
13006.0,112,85,8,66,26,45.95,4.32,35.68,14.05,0.0
13006.0,113,90,14,133,57,30.61,4.76,45.24,19.39,0.0
13006.0,114,16,1,28,12,28.07,1.75,49.12,21.05,0.0
13006.0,115,97,12,59,15,53.01,6.56,32.24,8.2,0.0
13006.0,116,103,5,46,20,59.2,2.87,26.44,11.49,0.0
13006.0,117,83,12,61,27,45.36,6.56,33.33,14.75,0.0
13006.0,118,101,11,66,19,51.27,5.58,33.5,9.64,0.0
13006.0,119,48,3,32,15,48.98,3.06,32.65,15.31,0.0
13006.0,12,70,6,44,24,48.61,4.17,30.56,16.67,0.0
13006.0,120,49,7,58,16,37.69,5.38,44.62,12.31,0.0
13006.0,121,52,4,24,19,52.53,4.04,24.24,19.19,0.0
13006.0,122,45,2,38,24,41.28,1.83,34.86,22.02,0.0
13006.0,123,47,7,45,12,42.34,6.31,40.54,10.81,0.0
13006.0,124,68,8,75,34,36.76,4.32,40.54,18.38,0.0
13006.0,125,67,15,82,30,34.54,7.73,42.27,15.46,0.0
13006.0,126,62,6,55,25,41.89,4.05,37.16,16.89,0.0
13006.0,127,64,6,36,19,51.2,4.8,28.8,15.2,0.0
13006.0,128,43,5,21,13,52.44,6.1,25.61,15.85,0.0
13006.0,129,114,12,58,26,54.29,5.71,27.62,12.38,0.0
13006.0,13,95,11,57,28,49.74,5.76,29.84,14.66,0.0
13006.0,130,125,12,98,49,44.01,4.23,34.51,17.25,0.0
13006.0,131,82,2,66,20,48.24,1.18,38.82,11.76,0.0
13006.0,14,70,1,38,17,55.56,0.79,30.16,13.49,0.0
13006.0,15,77,12,45,17,50.99,7.95,29.8,11.26,0.0
13006.0,16,79,3,60,18,49.38,1.88,37.5,11.25,0.0
13006.0,17,68,5,67,19,42.77,3.14,42.14,11.95,0.0
13006.0,18,17,13,114,32,9.66,7.39,64.77,18.18,0.0
13006.0,19,98,11,79,60,39.52,4.44,31.85,24.19,0.0
13006.0,2,22,4,38,45,20.18,3.67,34.86,41.28,0.0
13006.0,20,84,2,51,28,50.91,1.21,30.91,16.97,0.0
13006.0,21,21,0,87,41,14.09,0.0,58.39,27.52,0.0
13006.0,21-1,30,4,117,51,14.85,1.98,57.92,25.25,0.0
13006.0,22,124,3,67,23,57.14,1.38,30.88,10.6,0.0
13006.0,23,68,4,53,29,44.16,2.6,34.42,18.83,0.0
13006.0,24,62,1,126,106,21.02,0.34,42.71,35.93,0.0
13006.0,25,38,3,109,52,18.81,1.49,53.96,25.74,0.0
13006.0,26,106,11,175,93,27.53,2.86,45.45,24.16,0.0
13006.0,26-1,0,0,0,0,,,,,
13006.0,27,152,4,95,37,52.78,1.39,32.99,12.85,0.0
13006.0,28,67,5,99,47,30.73,2.29,45.41,21.56,0.0
13006.0,29,47,4,116,74,19.5,1.66,48.13,30.71,0.0
13006.0,3,32,4,34,62,24.24,3.03,25.76,46.97,0.0
13006.0,30,52,0,143,57,20.63,0.0,56.75,22.62,0.0
13006.0,31,24,3,80,60,14.37,1.8,47.9,35.93,0.0
13006.0,32,46,3,124,42,21.4,1.4,57.67,19.53,0.0
13006.0,33,83,5,94,74,32.42,1.95,36.72,28.91,0.0
13006.0,33-1,42,3,54,47,28.77,2.05,36.99,32.19,0.0
13006.0,34,11,3,43,27,13.1,3.57,51.19,32.14,0.0
13006.0,34-1,20,3,29,16,29.41,4.41,42.65,23.53,0.0
13006.0,35,40,1,81,31,26.14,0.65,52.94,20.26,0.0
13006.0,36,48,3,91,46,25.53,1.6,48.4,24.47,0.0
13006.0,37,58,8,133,49,23.39,3.23,53.63,19.76,0.0
13006.0,38,44,5,130,49,19.3,2.19,57.02,21.49,0.0
13006.0,39,66,3,49,21,47.48,2.16,35.25,15.11,0.0
13006.0,4,34,9,39,34,29.31,7.76,33.62,29.31,0.0
13006.0,40,106,9,58,32,51.71,4.39,28.29,15.61,0.0
13006.0,41,69,4,63,17,45.1,2.61,41.18,11.11,0.0
13006.0,42,39,8,53,15,33.91,6.96,46.09,13.04,0.0
13006.0,43,88,11,48,44,46.07,5.76,25.13,23.04,0.0
13006.0,44,76,7,46,26,49.03,4.52,29.68,16.77,0.0
13006.0,45,59,8,62,18,40.14,5.44,42.18,12.24,0.0
13006.0,46,142,9,120,33,46.71,2.96,39.47,10.86,0.0
13006.0,47,96,9,59,30,49.48,4.64,30.41,15.46,0.0
13006.0,48,92,10,71,37,43.81,4.76,33.81,17.62,0.0
13006.0,49,26,6,15,11,44.83,10.34,25.86,18.97,0.0
13006.0,5,31,12,56,46,21.38,8.28,38.62,31.72,0.0
13006.0,50,112,11,103,49,40.73,4.0,37.45,17.82,0.0
13006.0,500,16,1,34,6,28.07,1.75,59.65,10.53,0.0
13006.0,501,30,0,51,4,35.29,0.0,60.0,4.71,0.0
13006.0,502,15,0,18,8,36.59,0.0,43.9,19.51,0.0
13006.0,51,64,7,78,20,37.87,4.14,46.15,11.83,0.0
13006.0,52,98,7,39,14,62.03,4.43,24.68,8.86,0.0
13006.0,53,145,11,79,28,55.13,4.18,30.04,10.65,0.0
13006.0,54,126,8,114,40,43.75,2.78,39.58,13.89,0.0
13006.0,55,140,11,58,40,56.22,4.42,23.29,16.06,0.0
13006.0,56,147,13,112,38,47.42,4.19,36.13,12.26,0.0
13006.0,57,103,8,72,25,49.52,3.85,34.62,12.02,0.0
13006.0,57-1,60,1,37,25,48.78,0.81,30.08,20.33,0.0
13006.0,58,84,17,53,21,48.0,9.71,30.29,12.0,0.0
13006.0,59,127,11,85,43,47.74,4.14,31.95,16.17,0.0
13006.0,6,40,8,59,74,22.1,4.42,32.6,40.88,0.0
13006.0,60,85,2,69,28,46.2,1.09,37.5,15.22,0.0
13006.0,600,86,22,112,59,30.82,7.89,40.14,21.15,0.0
13006.0,601,189,14,102,32,56.08,4.15,30.27,9.5,0.0
13006.0,602,126,7,179,83,31.9,1.77,45.32,21.01,0.0
13006.0,603,113,5,90,12,51.36,2.27,40.91,5.45,0.0
13006.0,604,197,26,178,54,43.3,5.71,39.12,11.87,0.0
13006.0,605,358,29,246,44,52.88,4.28,36.34,6.5,0.0
13006.0,606,125,8,77,26,52.97,3.39,32.63,11.02,0.0
13006.0,607,82,2,94,37,38.14,0.93,43.72,17.21,0.0
13006.0,608,101,10,84,15,48.1,4.76,40.0,7.14,0.0
13006.0,609,71,10,115,50,28.86,4.07,46.75,20.33,0.0
13006.0,61,140,7,80,42,52.04,2.6,29.74,15.61,0.0
13006.0,610,110,4,94,20,48.25,1.75,41.23,8.77,0.0
13006.0,62,0,0,0,0,,,,,
13006.0,63,115,5,60,23,56.65,2.46,29.56,11.33,0.0
13006.0,64,167,6,50,43,62.78,2.26,18.8,16.17,0.0
13006.0,65,111,7,56,16,58.42,3.68,29.47,8.42,0.0
13006.0,66,102,1,76,29,49.04,0.48,36.54,13.94,0.0
13006.0,67,64,10,43,24,45.39,7.09,30.5,17.02,0.0
13006.0,68,56,6,48,12,45.9,4.92,39.34,9.84,0.0
13006.0,69,75,6,29,17,59.06,4.72,22.83,13.39,0.0
13006.0,7,26,5,42,64,18.98,3.65,30.66,46.72,0.0
13006.0,70,52,2,31,14,52.53,2.02,31.31,14.14,0.0
13006.0,71,66,6,41,19,50.0,4.55,31.06,14.39,0.0
13006.0,72,69,7,68,17,42.86,4.35,42.24,10.56,0.0
13006.0,73,94,8,63,22,50.27,4.28,33.69,11.76,0.0
13006.0,74,72,7,55,16,48.0,4.67,36.67,10.67,0.0
13006.0,75,76,12,68,26,41.76,6.59,37.36,14.29,0.0
13006.0,76,136,8,44,36,60.71,3.57,19.64,16.07,0.0
13006.0,77,172,12,84,28,58.11,4.05,28.38,9.46,0.0
13006.0,78,87,1,47,21,55.77,0.64,30.13,13.46,0.0
13006.0,79,79,12,61,19,46.2,7.02,35.67,11.11,0.0
13006.0,8,29,17,33,51,22.31,13.08,25.38,39.23,0.0
13006.0,80,149,12,84,44,51.56,4.15,29.07,15.22,0.0
13006.0,81,120,4,70,8,59.41,1.98,34.65,3.96,0.0
13006.0,82,45,1,39,9,47.87,1.06,41.49,9.57,0.0
13006.0,83,17,1,137,13,10.12,0.6,81.55,7.74,0.0
13006.0,84,69,10,103,25,33.33,4.83,49.76,12.08,0.0
13006.0,85,122,13,82,25,50.41,5.37,33.88,10.33,0.0
13006.0,86,171,20,100,42,51.35,6.01,30.03,12.61,0.0
13006.0,87,29,7,20,11,43.28,10.45,29.85,16.42,0.0
13006.0,88,131,11,47,43,56.47,4.74,20.26,18.53,0.0
13006.0,89,82,7,47,28,50.0,4.27,28.66,17.07,0.0
13006.0,9,54,19,61,46,30.0,10.56,33.89,25.56,0.0
13006.0,90,50,3,43,26,40.98,2.46,35.25,21.31,0.0
13006.0,91,81,5,46,36,48.21,2.98,27.38,21.43,0.0
13006.0,92,65,9,76,51,32.34,4.48,37.81,25.37,0.0
13006.0,93,41,11,38,29,34.45,9.24,31.93,24.37,0.0
13006.0,94,78,14,115,66,28.57,5.13,42.12,24.18,0.0
13006.0,95,58,17,86,32,30.05,8.81,44.56,16.58,0.0
13006.0,96,64,9,73,42,34.04,4.79,38.83,22.34,0.0
13006.0,97,41,7,35,43,32.54,5.56,27.78,34.13,0.0
13006.0,98,48,8,40,34,36.92,6.15,30.77,26.15,0.0
13006.0,99,25,3,43,45,21.55,2.59,37.07,38.79,0.0
13006.0,S/R 1,58,6,34,11,53.21,5.5,31.19,10.09,0.0
13006.0,S/R 2,279,20,242,46,47.53,3.41,41.23,7.84,0.0
13007.0,1,173,23,100,55,49.29,6.55,28.49,15.67,0.0
13007.0,10,117,28,91,56,40.07,9.59,31.16,19.18,0.0
13007.0,10-1,126,26,106,41,42.14,8.7,35.45,13.71,0.0
13007.0,100,33,26,80,34,19.08,15.03,46.24,19.65,0.0
13007.0,101,42,31,95,35,20.69,15.27,46.8,17.24,0.0
13007.0,102,42,20,51,33,28.77,13.7,34.93,22.6,0.0
13007.0,103,30,35,78,20,18.4,21.47,47.85,12.27,0.0
13007.0,104,31,20,109,20,17.22,11.11,60.56,11.11,0.0
13007.0,105,15,17,55,21,13.89,15.74,50.93,19.44,0.0
13007.0,106,23,18,49,12,22.55,17.65,48.04,11.76,0.0
13007.0,107,24,23,46,27,20.0,19.17,38.33,22.5,-0.0
13007.0,108,25,7,24,14,35.71,10.0,34.29,20.0,0.0
13007.0,109,21,7,38,13,26.58,8.86,48.1,16.46,0.0
13007.0,11,84,7,74,7,48.84,4.07,43.02,4.07,0.0
13007.0,110,30,21,57,28,22.06,15.44,41.91,20.59,0.0
13007.0,111,51,9,69,36,30.91,5.45,41.82,21.82,0.0
13007.0,112,56,16,93,44,26.79,7.66,44.5,21.05,0.0
13007.0,113,48,41,62,33,26.09,22.28,33.7,17.93,0.0
13007.0,114,42,7,56,14,35.29,5.88,47.06,11.76,0.0
13007.0,115,54,13,62,46,30.86,7.43,35.43,26.29,0.0
13007.0,116,42,28,48,36,27.27,18.18,31.17,23.38,0.0
13007.0,117,59,44,75,28,28.64,21.36,36.41,13.59,0.0
13007.0,118,73,28,70,28,36.68,14.07,35.18,14.07,0.0
13007.0,119,62,30,63,19,35.63,17.24,36.21,10.92,0.0
13007.0,12,107,20,99,15,44.4,8.3,41.08,6.22,0.0
13007.0,120,0,0,0,0,,,,,
13007.0,121,131,16,109,23,46.95,5.73,39.07,8.24,0.0
13007.0,122,117,16,96,24,46.25,6.32,37.94,9.49,0.0
13007.0,123,49,15,50,32,33.56,10.27,34.25,21.92,0.0
13007.0,123-1,50,17,46,17,38.46,13.08,35.38,13.08,0.0
13007.0,124,64,19,80,19,35.16,10.44,43.96,10.44,0.0
13007.0,124-1,65,9,51,21,44.52,6.16,34.93,14.38,0.0
13007.0,125,71,34,72,30,34.3,16.43,34.78,14.49,0.0
13007.0,126,44,15,46,27,33.33,11.36,34.85,20.45,0.0
13007.0,127,125,25,63,59,45.96,9.19,23.16,21.69,0.0
13007.0,128,57,15,33,33,41.3,10.87,23.91,23.91,0.0
13007.0,128-1,85,18,53,23,47.49,10.06,29.61,12.85,0.0
13007.0,129,94,19,28,40,51.93,10.5,15.47,22.1,0.0
13007.0,13,74,23,106,57,28.46,8.85,40.77,21.92,0.0
13007.0,130,83,26,42,36,44.39,13.9,22.46,19.25,0.0
13007.0,131,76,21,43,40,42.22,11.67,23.89,22.22,0.0
13007.0,132,104,18,26,40,55.32,9.57,13.83,21.28,0.0
13007.0,133,135,30,52,56,49.45,10.99,19.05,20.51,0.0
13007.0,134,38,7,21,16,46.34,8.54,25.61,19.51,0.0
13007.0,135,114,17,57,52,47.5,7.08,23.75,21.67,0.0
13007.0,136,81,23,35,23,50.0,14.2,21.6,14.2,0.0
13007.0,137,67,19,51,32,39.64,11.24,30.18,18.93,0.0
13007.0,138,122,21,73,34,48.8,8.4,29.2,13.6,0.0
13007.0,139,88,40,54,31,41.31,18.78,25.35,14.55,0.0
13007.0,14,78,24,74,54,33.91,10.43,32.17,23.48,0.0
13007.0,14-1,68,23,50,30,39.77,13.45,29.24,17.54,0.0
13007.0,140,83,21,37,40,45.86,11.6,20.44,22.1,0.0
13007.0,141,125,32,72,44,45.79,11.72,26.37,16.12,0.0
13007.0,142,80,20,42,33,45.71,11.43,24.0,18.86,0.0
13007.0,143,110,23,62,28,49.33,10.31,27.8,12.56,0.0
13007.0,144,69,17,42,25,45.1,11.11,27.45,16.34,0.0
13007.0,145,111,31,62,32,47.03,13.14,26.27,13.56,-0.0
13007.0,146,96,25,68,32,43.44,11.31,30.77,14.48,0.0
13007.0,147,57,13,96,25,29.84,6.81,50.26,13.09,0.0
13007.0,148,52,18,98,33,25.87,8.96,48.76,16.42,0.0
13007.0,149,27,6,49,22,25.96,5.77,47.12,21.15,0.0
13007.0,15,98,26,83,18,43.56,11.56,36.89,8.0,0.0
13007.0,150,29,11,55,31,23.02,8.73,43.65,24.6,0.0
13007.0,151,90,23,132,36,32.03,8.19,46.98,12.81,0.0
13007.0,152,85,21,125,38,31.6,7.81,46.47,14.13,0.0
13007.0,152-1,70,18,134,24,28.46,7.32,54.47,9.76,0.0
13007.0,153,84,28,151,45,27.27,9.09,49.03,14.61,0.0
13007.0,154,53,19,112,44,23.25,8.33,49.12,19.3,0.0
13007.0,155,39,3,74,23,28.06,2.16,53.24,16.55,0.0
13007.0,155-1,67,19,98,34,30.73,8.72,44.95,15.6,0.0
13007.0,156,52,8,65,33,32.91,5.06,41.14,20.89,0.0
13007.0,156-1,32,10,46,18,30.19,9.43,43.4,16.98,0.0
13007.0,157,50,16,63,28,31.85,10.19,40.13,17.83,0.0
13007.0,158,58,13,60,26,36.94,8.28,38.22,16.56,0.0
13007.0,159,40,6,90,14,26.67,4.0,60.0,9.33,0.0
13007.0,16,31,15,34,29,28.44,13.76,31.19,26.61,0.0
13007.0,160,51,20,161,19,20.32,7.97,64.14,7.57,0.0
13007.0,161,71,30,127,62,24.48,10.34,43.79,21.38,0.0
13007.0,161-1,74,25,171,54,22.84,7.72,52.78,16.67,0.0
13007.0,162,79,23,157,52,25.4,7.4,50.48,16.72,0.0
13007.0,162-1,127,38,210,71,28.48,8.52,47.09,15.92,0.0
13007.0,163,59,15,118,47,24.69,6.28,49.37,19.67,0.0
13007.0,163-1,47,9,131,25,22.17,4.25,61.79,11.79,0.0
13007.0,164,116,27,164,54,32.13,7.48,45.43,14.96,0.0
13007.0,165,137,27,187,43,34.77,6.85,47.46,10.91,0.0
13007.0,165-1,59,13,116,21,28.23,6.22,55.5,10.05,0.0
13007.0,165-2,31,13,75,13,23.48,9.85,56.82,9.85,0.0
13007.0,166,65,16,77,65,29.15,7.17,34.53,29.15,0.0
13007.0,166-1,113,21,83,39,44.14,8.2,32.42,15.23,0.0
13007.0,167,70,20,123,51,26.52,7.58,46.59,19.32,0.0
13007.0,168,66,17,61,41,35.68,9.19,32.97,22.16,0.0
13007.0,169,59,5,58,39,36.65,3.11,36.02,24.22,0.0
13007.0,17,59,19,63,31,34.3,11.05,36.63,18.02,0.0
13007.0,17-1,44,6,39,34,35.77,4.88,31.71,27.64,0.0
13007.0,18,58,19,58,41,32.95,10.8,32.95,23.3,0.0
13007.0,19,96,25,119,37,34.66,9.03,42.96,13.36,0.0
13007.0,2,82,15,30,27,53.25,9.74,19.48,17.53,0.0
13007.0,20,53,21,45,51,31.18,12.35,26.47,30.0,0.0
13007.0,21,124,23,96,30,45.42,8.42,35.16,10.99,0.0
13007.0,22,33,3,16,19,46.48,4.23,22.54,26.76,0.0
13007.0,23,46,16,53,34,30.87,10.74,35.57,22.82,0.0
13007.0,24,98,21,113,34,36.84,7.89,42.48,12.78,0.0
13007.0,25,84,18,135,41,30.22,6.47,48.56,14.75,0.0
13007.0,26,66,15,49,32,40.74,9.26,30.25,19.75,0.0
13007.0,27,96,7,36,25,58.54,4.27,21.95,15.24,0.0
13007.0,28,30,14,45,32,24.79,11.57,37.19,26.45,0.0
13007.0,29,39,5,36,34,34.21,4.39,31.58,29.82,0.0
13007.0,3,112,23,99,35,41.64,8.55,36.8,13.01,0.0
13007.0,30,35,15,30,28,32.41,13.89,27.78,25.93,0.0
13007.0,31,48,12,34,27,39.67,9.92,28.1,22.31,0.0
13007.0,32,50,13,44,28,37.04,9.63,32.59,20.74,0.0
13007.0,33,37,7,18,18,46.25,8.75,22.5,22.5,0.0
13007.0,34,84,14,71,39,40.38,6.73,34.13,18.75,0.0
13007.0,34-1,72,17,56,28,41.62,9.83,32.37,16.18,0.0
13007.0,35,88,13,104,61,33.08,4.89,39.1,22.93,0.0
13007.0,36,54,5,61,35,34.84,3.23,39.35,22.58,0.0
13007.0,37,27,10,54,24,23.48,8.7,46.96,20.87,0.0
13007.0,38,38,25,52,58,21.97,14.45,30.06,33.53,0.0
13007.0,39,76,13,108,25,34.23,5.86,48.65,11.26,0.0
13007.0,4,125,18,70,27,52.08,7.5,29.17,11.25,0.0
13007.0,40,33,9,48,27,28.21,7.69,41.03,23.08,0.0
13007.0,400,131,14,79,20,53.69,5.74,32.38,8.2,0.0
13007.0,401,33,7,75,24,23.74,5.04,53.96,17.27,0.0
13007.0,41,54,22,71,34,29.83,12.15,39.23,18.78,0.0
13007.0,42,37,13,55,30,27.41,9.63,40.74,22.22,0.0
13007.0,43,41,24,74,30,24.26,14.2,43.79,17.75,0.0
13007.0,44,35,17,58,35,24.14,11.72,40.0,24.14,0.0
13007.0,45,39,8,66,21,29.1,5.97,49.25,15.67,0.0
13007.0,46,19,20,60,17,16.38,17.24,51.72,14.66,0.0
13007.0,47,31,11,35,43,25.83,9.17,29.17,35.83,0.0
13007.0,48,38,34,89,46,18.36,16.43,43.0,22.22,0.0
13007.0,49,38,18,66,28,25.33,12.0,44.0,18.67,0.0
13007.0,5,101,29,71,36,42.62,12.24,29.96,15.19,0.0
13007.0,50,38,17,64,20,27.34,12.23,46.04,14.39,0.0
13007.0,500,27,2,34,12,36.0,2.67,45.33,16.0,0.0
13007.0,501,30,5,40,13,34.09,5.68,45.45,14.77,0.0
13007.0,502,44,1,34,5,52.38,1.19,40.48,5.95,0.0
13007.0,503,28,1,14,3,60.87,2.17,30.43,6.52,0.0
13007.0,504,11,5,35,6,19.3,8.77,61.4,10.53,0.0
13007.0,505,56,3,36,6,55.45,2.97,35.64,5.94,0.0
13007.0,506,39,3,75,2,32.77,2.52,63.03,1.68,0.0
13007.0,507,19,2,30,13,29.69,3.12,46.88,20.31,0.0
13007.0,508,25,3,67,7,24.51,2.94,65.69,6.86,0.0
13007.0,51,53,21,87,21,29.12,11.54,47.8,11.54,0.0
13007.0,52,34,26,131,18,16.27,12.44,62.68,8.61,0.0
13007.0,53,50,45,142,73,16.13,14.52,45.81,23.55,0.0
13007.0,54,45,23,82,48,22.73,11.62,41.41,24.24,0.0
13007.0,55,84,27,69,39,38.36,12.33,31.51,17.81,0.0
13007.0,56,94,16,166,24,31.33,5.33,55.33,8.0,0.0
13007.0,57,82,30,97,70,29.39,10.75,34.77,25.09,0.0
13007.0,58,98,39,96,59,33.56,13.36,32.88,20.21,0.0
13007.0,59,50,20,77,34,27.62,11.05,42.54,18.78,0.0
13007.0,59-1,70,10,69,30,39.11,5.59,38.55,16.76,0.0
13007.0,6,105,34,102,47,36.46,11.81,35.42,16.32,0.0
13007.0,6-1,67,9,39,17,50.76,6.82,29.55,12.88,0.0
13007.0,60,70,14,57,21,43.21,8.64,35.19,12.96,0.0
13007.0,600,371,48,279,104,46.26,5.99,34.79,12.97,0.0
13007.0,601,167,32,159,57,40.24,7.71,38.31,13.73,0.0
13007.0,602,249,35,274,75,39.34,5.53,43.29,11.85,0.0
13007.0,603,103,24,224,44,26.08,6.08,56.71,11.14,0.0
13007.0,604,290,44,311,86,39.67,6.02,42.54,11.76,0.0
13007.0,605,229,28,258,53,40.32,4.93,45.42,9.33,0.0
13007.0,606,281,33,160,40,54.67,6.42,31.13,7.78,0.0
13007.0,607,195,36,275,71,33.8,6.24,47.66,12.31,0.0
13007.0,608,400,45,203,78,55.1,6.2,27.96,10.74,0.0
13007.0,609,191,20,375,57,29.7,3.11,58.32,8.86,0.0
13007.0,61,105,18,91,60,38.32,6.57,33.21,21.9,0.0
13007.0,61-1,76,19,84,14,39.38,9.84,43.52,7.25,0.0
13007.0,610,212,50,410,103,27.35,6.45,52.9,13.29,0.0
13007.0,62,128,25,133,39,39.38,7.69,40.92,12.0,0.0
13007.0,63,120,19,135,43,37.85,5.99,42.59,13.56,0.0
13007.0,63-1,80,13,70,17,44.44,7.22,38.89,9.44,0.0
13007.0,64,82,16,78,28,40.2,7.84,38.24,13.73,0.0
13007.0,65,93,18,69,42,41.89,8.11,31.08,18.92,0.0
13007.0,66,25,5,17,15,40.32,8.06,27.42,24.19,0.0
13007.0,67,48,5,77,31,29.81,3.11,47.83,19.25,0.0
13007.0,68,65,19,108,35,28.63,8.37,47.58,15.42,0.0
13007.0,69,56,14,76,14,35.0,8.75,47.5,8.75,0.0
13007.0,7,107,17,69,36,46.72,7.42,30.13,15.72,0.0
13007.0,70,85,15,70,38,40.87,7.21,33.65,18.27,0.0
13007.0,71,44,5,63,37,29.53,3.36,42.28,24.83,0.0
13007.0,72,51,11,64,22,34.46,7.43,43.24,14.86,0.0
13007.0,73,60,22,88,75,24.49,8.98,35.92,30.61,0.0
13007.0,74,20,14,52,18,19.23,13.46,50.0,17.31,0.0
13007.0,75,28,8,60,52,18.92,5.41,40.54,35.14,0.0
13007.0,76,45,5,46,29,36.0,4.0,36.8,23.2,0.0
13007.0,77,64,12,46,33,41.29,7.74,29.68,21.29,0.0
13007.0,78,42,15,65,50,24.42,8.72,37.79,29.07,0.0
13007.0,79,39,16,72,24,25.83,10.6,47.68,15.89,0.0
13007.0,8,110,27,83,45,41.51,10.19,31.32,16.98,0.0
13007.0,80,51,9,118,39,23.5,4.15,54.38,17.97,0.0
13007.0,81,43,10,71,38,26.54,6.17,43.83,23.46,0.0
13007.0,82,27,22,57,16,22.13,18.03,46.72,13.11,0.0
13007.0,83,71,20,91,32,33.18,9.35,42.52,14.95,0.0
13007.0,84,47,14,76,37,27.01,8.05,43.68,21.26,0.0
13007.0,85,89,13,55,23,49.44,7.22,30.56,12.78,0.0
13007.0,86,59,31,108,61,22.78,11.97,41.7,23.55,0.0
13007.0,87,70,36,67,35,33.65,17.31,32.21,16.83,0.0
13007.0,88,79,12,62,31,42.93,6.52,33.7,16.85,0.0
13007.0,89,83,6,71,49,39.71,2.87,33.97,23.44,0.0
13007.0,9,86,33,74,57,34.4,13.2,29.6,22.8,0.0
13007.0,90,154,22,56,43,56.0,8.0,20.36,15.64,0.0
13007.0,91,50,5,29,40,40.32,4.03,23.39,32.26,0.0
13007.0,92,121,16,56,35,53.07,7.02,24.56,15.35,0.0
13007.0,93,95,24,31,49,47.74,12.06,15.58,24.62,0.0
13007.0,94,110,20,35,44,52.63,9.57,16.75,21.05,0.0
13007.0,95,97,22,110,16,39.59,8.98,44.9,6.53,0.0
13007.0,96,59,17,45,30,39.07,11.26,29.8,19.87,0.0
13007.0,97,57,13,48,28,39.04,8.9,32.88,19.18,0.0
13007.0,98,41,25,43,31,29.29,17.86,30.71,22.14,0.0
13007.0,99,70,18,115,46,28.11,7.23,46.18,18.47,0.0
13007.0,S/R 1,88,14,55,29,47.31,7.53,29.57,15.59,-0.0
13007.0,S/R 2,284,53,326,91,37.67,7.03,43.24,12.07,0.0
13008.0,1,11,1,17,12,26.83,2.44,41.46,29.27,0.0
13008.0,1-1,0,0,0,0,,,,,
13008.0,10,101,18,60,41,45.91,8.18,27.27,18.64,0.0
13008.0,10-1,64,8,52,53,36.16,4.52,29.38,29.94,0.0
13008.0,100,76,2,22,18,64.41,1.69,18.64,15.25,0.0
13008.0,101,175,10,42,47,63.87,3.65,15.33,17.15,0.0
13008.0,102,78,4,10,19,70.27,3.6,9.01,17.12,0.0
13008.0,103,112,1,24,17,72.73,0.65,15.58,11.04,0.0
13008.0,104,135,7,21,28,70.68,3.66,10.99,14.66,0.0
13008.0,105,152,4,13,21,80.0,2.11,6.84,11.05,0.0
13008.0,106,148,10,26,26,70.48,4.76,12.38,12.38,0.0
13008.0,107,96,9,26,28,60.38,5.66,16.35,17.61,0.0
13008.0,108,82,3,21,29,60.74,2.22,15.56,21.48,0.0
13008.0,109,59,5,24,13,58.42,4.95,23.76,12.87,0.0
13008.0,11,109,23,75,34,45.23,9.54,31.12,14.11,0.0
13008.0,110,54,3,8,21,62.79,3.49,9.3,24.42,0.0
13008.0,111,90,5,18,28,63.83,3.55,12.77,19.86,0.0
13008.0,112,67,4,16,18,63.81,3.81,15.24,17.14,0.0
13008.0,113,89,8,28,20,61.38,5.52,19.31,13.79,0.0
13008.0,114,90,2,28,15,66.67,1.48,20.74,11.11,0.0
13008.0,115,114,11,25,21,66.67,6.43,14.62,12.28,0.0
13008.0,116,79,5,22,24,60.77,3.85,16.92,18.46,0.0
13008.0,117,84,7,21,27,60.43,5.04,15.11,19.42,0.0
13008.0,118,105,7,35,15,64.81,4.32,21.6,9.26,0.0
13008.0,119,141,13,48,35,59.49,5.49,20.25,14.77,0.0
13008.0,12,86,20,60,22,45.74,10.64,31.91,11.7,0.0
13008.0,120,129,11,24,46,61.43,5.24,11.43,21.9,0.0
13008.0,121,70,7,15,32,56.45,5.65,12.1,25.81,0.0
13008.0,122,121,18,42,41,54.5,8.11,18.92,18.47,0.0
13008.0,123,121,16,48,24,57.89,7.66,22.97,11.48,0.0
13008.0,124,119,25,56,40,49.58,10.42,23.33,16.67,0.0
13008.0,125,85,24,48,43,42.5,12.0,24.0,21.5,0.0
13008.0,126,76,28,41,34,42.46,15.64,22.91,18.99,0.0
13008.0,127,90,19,49,32,47.37,10.0,25.79,16.84,0.0
13008.0,128,118,3,12,13,80.82,2.05,8.22,8.9,0.0
13008.0,129,93,7,20,17,67.88,5.11,14.6,12.41,0.0
13008.0,13,143,23,104,37,46.58,7.49,33.88,12.05,0.0
13008.0,130,83,7,14,13,70.94,5.98,11.97,11.11,0.0
13008.0,131,68,0,8,12,77.27,0.0,9.09,13.64,0.0
13008.0,132,71,2,11,7,78.02,2.2,12.09,7.69,0.0
13008.0,133,129,19,35,27,61.43,9.05,16.67,12.86,0.0
13008.0,134,122,7,21,24,70.11,4.02,12.07,13.79,0.0
13008.0,135,102,5,20,15,71.83,3.52,14.08,10.56,0.0
13008.0,136,93,2,20,20,68.89,1.48,14.81,14.81,0.0
13008.0,137,113,6,40,19,63.48,3.37,22.47,10.67,0.0
13008.0,138,68,1,6,9,80.95,1.19,7.14,10.71,0.0
13008.0,14,120,1,54,29,58.82,0.49,26.47,14.22,0.0
13008.0,15,88,4,36,38,53.01,2.41,21.69,22.89,0.0
13008.0,16,85,14,32,32,52.15,8.59,19.63,19.63,0.0
13008.0,17,130,6,16,25,73.45,3.39,9.04,14.12,0.0
13008.0,18,103,3,16,22,71.53,2.08,11.11,15.28,0.0
13008.0,19,105,1,4,12,86.07,0.82,3.28,9.84,0.0
13008.0,2,115,17,60,36,50.44,7.46,26.32,15.79,0.0
13008.0,20,52,2,7,15,68.42,2.63,9.21,19.74,0.0
13008.0,21,95,7,15,23,67.86,5.0,10.71,16.43,0.0
13008.0,22,125,6,35,25,65.45,3.14,18.32,13.09,0.0
13008.0,23,152,10,23,32,70.05,4.61,10.6,14.75,0.0
13008.0,24,120,23,59,37,50.21,9.62,24.69,15.48,0.0
13008.0,25,92,20,53,36,45.77,9.95,26.37,17.91,0.0
13008.0,26,123,18,64,61,46.24,6.77,24.06,22.93,0.0
13008.0,27,146,19,62,62,50.52,6.57,21.45,21.45,0.0
13008.0,28,162,19,64,55,54.0,6.33,21.33,18.33,0.0
13008.0,29,111,22,62,28,49.78,9.87,27.8,12.56,0.0
13008.0,3,123,13,81,28,50.2,5.31,33.06,11.43,0.0
13008.0,30,163,10,42,34,65.46,4.02,16.87,13.65,0.0
13008.0,31,173,7,33,34,70.04,2.83,13.36,13.77,0.0
13008.0,32,127,10,31,13,70.17,5.52,17.13,7.18,0.0
13008.0,33,112,8,21,23,68.29,4.88,12.8,14.02,0.0
13008.0,34,112,6,62,33,52.58,2.82,29.11,15.49,0.0
13008.0,35,75,7,43,19,52.08,4.86,29.86,13.19,0.0
13008.0,36,115,11,47,29,56.93,5.45,23.27,14.36,0.0
13008.0,37,101,6,57,45,48.33,2.87,27.27,21.53,0.0
13008.0,38,80,10,31,19,57.14,7.14,22.14,13.57,0.0
13008.0,39,86,12,31,28,54.78,7.64,19.75,17.83,0.0
13008.0,4,96,23,72,44,40.85,9.79,30.64,18.72,0.0
13008.0,4-1,85,11,60,32,45.21,5.85,31.91,17.02,0.0
13008.0,40,81,13,55,29,45.51,7.3,30.9,16.29,0.0
13008.0,40-1,74,9,25,11,62.18,7.56,21.01,9.24,0.0
13008.0,41,87,13,31,41,50.58,7.56,18.02,23.84,0.0
13008.0,42,53,10,23,23,48.62,9.17,21.1,21.1,-0.0
13008.0,43,122,11,29,25,65.24,5.88,15.51,13.37,-0.0
13008.0,44,68,12,38,23,48.23,8.51,26.95,16.31,0.0
13008.0,44-1,93,6,23,23,64.14,4.14,15.86,15.86,0.0
13008.0,45,91,17,21,31,56.88,10.62,13.12,19.38,0.0
13008.0,46,81,8,36,35,50.62,5.0,22.5,21.88,0.0
13008.0,47,83,21,32,41,46.89,11.86,18.08,23.16,0.0
13008.0,48,128,14,41,69,50.79,5.56,16.27,27.38,0.0
13008.0,49,73,11,41,41,43.98,6.63,24.7,24.7,0.0
13008.0,5,122,22,82,47,44.69,8.06,30.04,17.22,0.0
13008.0,50,119,7,27,27,66.11,3.89,15.0,15.0,0.0
13008.0,500,21,3,17,3,47.73,6.82,38.64,6.82,0.0
13008.0,501,26,1,24,5,46.43,1.79,42.86,8.93,0.0
13008.0,502,47,2,16,5,67.14,2.86,22.86,7.14,0.0
13008.0,503,29,1,7,0,78.38,2.7,18.92,0.0,0.0
13008.0,504,19,2,3,1,76.0,8.0,12.0,4.0,0.0
13008.0,51,115,22,34,53,51.34,9.82,15.18,23.66,0.0
13008.0,52,158,18,54,35,59.62,6.79,20.38,13.21,0.0
13008.0,53,107,14,39,38,54.04,7.07,19.7,19.19,0.0
13008.0,54,0,0,0,0,,,,,
13008.0,55,137,17,47,58,52.9,6.56,18.15,22.39,0.0
13008.0,56,87,23,43,40,45.08,11.92,22.28,20.73,0.0
13008.0,57,152,19,41,61,55.68,6.96,15.02,22.34,0.0
13008.0,58,122,6,27,24,68.16,3.35,15.08,13.41,0.0
13008.0,59,53,6,37,21,45.3,5.13,31.62,17.95,0.0
13008.0,6,82,15,45,59,40.8,7.46,22.39,29.35,0.0
13008.0,60,99,9,29,47,53.8,4.89,15.76,25.54,0.0
13008.0,600,190,19,116,61,49.22,4.92,30.05,15.8,0.0
13008.0,601,44,4,11,3,70.97,6.45,17.74,4.84,0.0
13008.0,602,80,2,9,9,80.0,2.0,9.0,9.0,0.0
13008.0,603,61,5,23,13,59.8,4.9,22.55,12.75,0.0
13008.0,604,75,2,29,5,67.57,1.8,26.13,4.5,0.0
13008.0,605,54,2,8,8,75.0,2.78,11.11,11.11,0.0
13008.0,606,95,4,42,27,56.55,2.38,25.0,16.07,0.0
13008.0,607,100,7,39,22,59.52,4.17,23.21,13.1,0.0
13008.0,608,70,1,25,12,64.81,0.93,23.15,11.11,0.0
13008.0,609,310,29,110,84,58.16,5.44,20.64,15.76,0.0
13008.0,61,135,10,32,29,65.53,4.85,15.53,14.08,0.0
13008.0,610,149,8,40,25,67.12,3.6,18.02,11.26,0.0
13008.0,611,194,12,38,25,72.12,4.46,14.13,9.29,0.0
13008.0,612,103,4,38,12,65.61,2.55,24.2,7.64,0.0
13008.0,613,198,9,54,15,71.74,3.26,19.57,5.43,0.0
13008.0,614,152,19,78,30,54.48,6.81,27.96,10.75,0.0
13008.0,615,38,4,14,4,63.33,6.67,23.33,6.67,0.0
13008.0,616,43,3,15,3,67.19,4.69,23.44,4.69,0.0
13008.0,617,104,5,19,10,75.36,3.62,13.77,7.25,-0.0
13008.0,618,58,8,43,17,46.03,6.35,34.13,13.49,0.0
13008.0,62,79,7,18,28,59.85,5.3,13.64,21.21,0.0
13008.0,63,112,21,36,58,49.34,9.25,15.86,25.55,0.0
13008.0,64,140,20,21,72,55.34,7.91,8.3,28.46,0.0
13008.0,65,89,4,39,48,49.44,2.22,21.67,26.67,0.0
13008.0,66,128,8,39,40,59.53,3.72,18.14,18.6,0.0
13008.0,67,107,20,34,25,57.53,10.75,18.28,13.44,0.0
13008.0,68,91,9,43,32,52.0,5.14,24.57,18.29,0.0
13008.0,69,87,10,62,45,42.65,4.9,30.39,22.06,0.0
13008.0,7,50,9,33,34,39.68,7.14,26.19,26.98,0.0
13008.0,70,119,12,45,48,53.12,5.36,20.09,21.43,0.0
13008.0,71,67,11,27,41,45.89,7.53,18.49,28.08,0.0
13008.0,72,82,14,33,34,50.31,8.59,20.25,20.86,0.0
13008.0,73,80,13,40,61,41.24,6.7,20.62,31.44,0.0
13008.0,74,110,16,25,58,52.63,7.66,11.96,27.75,0.0
13008.0,75,103,20,34,82,43.1,8.37,14.23,34.31,0.0
13008.0,76,118,16,33,22,62.43,8.47,17.46,11.64,0.0
13008.0,77,82,5,21,33,58.16,3.55,14.89,23.4,0.0
13008.0,78,109,10,24,28,63.74,5.85,14.04,16.37,0.0
13008.0,79,147,11,37,36,63.64,4.76,16.02,15.58,0.0
13008.0,8,129,16,72,34,51.39,6.37,28.69,13.55,0.0
13008.0,80,85,1,21,20,66.93,0.79,16.54,15.75,0.0
13008.0,81,107,7,24,18,68.59,4.49,15.38,11.54,0.0
13008.0,82,141,9,38,54,58.26,3.72,15.7,22.31,0.0
13008.0,83,143,7,18,33,71.14,3.48,8.96,16.42,0.0
13008.0,84,108,4,36,38,58.06,2.15,19.35,20.43,0.0
13008.0,85,138,4,17,32,72.25,2.09,8.9,16.75,0.0
13008.0,86,129,10,43,25,62.32,4.83,20.77,12.08,0.0
13008.0,87,87,5,6,14,77.68,4.46,5.36,12.5,0.0
13008.0,88,176,18,27,40,67.43,6.9,10.34,15.33,0.0
13008.0,89,113,14,29,27,61.75,7.65,15.85,14.75,0.0
13008.0,9,151,17,92,48,49.03,5.52,29.87,15.58,0.0
13008.0,90,112,8,38,36,57.73,4.12,19.59,18.56,0.0
13008.0,91,138,7,35,32,65.09,3.3,16.51,15.09,0.0
13008.0,92,131,5,26,20,71.98,2.75,14.29,10.99,0.0
13008.0,93,152,7,47,24,66.09,3.04,20.43,10.43,0.0
13008.0,94,127,13,35,54,55.46,5.68,15.28,23.58,0.0
13008.0,95,92,5,32,27,58.97,3.21,20.51,17.31,0.0
13008.0,96,92,2,30,26,61.33,1.33,20.0,17.33,0.0
13008.0,97,134,3,9,23,79.29,1.78,5.33,13.61,0.0
13008.0,98,116,5,29,18,69.05,2.98,17.26,10.71,0.0
13008.0,99,147,10,22,39,67.43,4.59,10.09,17.89,0.0
13008.0,S/R 1,85,9,21,7,69.67,7.38,17.21,5.74,0.0
13008.0,S/R 2,176,10,73,28,61.32,3.48,25.44,9.76,0.0
13009.0,1,84,4,85,39,39.44,1.88,39.91,18.31,0.47
13009.0,10,82,6,75,29,42.71,3.12,39.06,15.1,0.0
13009.0,100,15,3,22,15,26.79,5.36,39.29,26.79,1.79
13009.0,101,17,3,25,25,23.29,4.11,34.25,34.25,4.11
13009.0,102,17,8,29,18,22.97,10.81,39.19,24.32,2.7
13009.0,103,22,9,49,22,21.36,8.74,47.57,21.36,0.97
13009.0,104,26,5,29,14,35.14,6.76,39.19,18.92,0.0
13009.0,105,19,16,45,19,19.0,16.0,45.0,19.0,1.0
13009.0,106,31,11,38,22,29.52,10.48,36.19,20.95,2.86
13009.0,107,67,10,90,25,34.9,5.21,46.88,13.02,0.0
13009.0,108,44,12,75,25,28.03,7.64,47.77,15.92,0.64
13009.0,109,63,12,94,28,31.66,6.03,47.24,14.07,1.01
13009.0,11,52,8,63,28,34.21,5.26,41.45,18.42,0.66
13009.0,110,19,10,51,24,18.1,9.52,48.57,22.86,0.95
13009.0,111,19,7,43,19,21.59,7.95,48.86,21.59,0.0
13009.0,112,14,15,44,24,14.0,15.0,44.0,24.0,3.0
13009.0,113,33,30,69,24,20.62,18.75,43.12,15.0,2.5
13009.0,114,33,16,64,25,23.91,11.59,46.38,18.12,0.0
13009.0,115,15,12,55,22,13.89,11.11,50.93,20.37,3.7
13009.0,116,37,10,43,22,33.04,8.93,38.39,19.64,0.0
13009.0,117,16,10,42,25,17.02,10.64,44.68,26.6,1.06
13009.0,118,30,11,34,28,28.3,10.38,32.08,26.42,2.83
13009.0,119,36,4,50,18,33.33,3.7,46.3,16.67,0.0
13009.0,12,52,11,48,19,40.0,8.46,36.92,14.62,0.0
13009.0,120,52,16,67,27,32.1,9.88,41.36,16.67,0.0
13009.0,121,62,5,58,33,38.75,3.12,36.25,20.62,1.25
13009.0,122,64,4,58,29,41.03,2.56,37.18,18.59,0.64
13009.0,123,29,5,22,22,37.18,6.41,28.21,28.21,0.0
13009.0,124,35,7,36,30,32.41,6.48,33.33,27.78,0.0
13009.0,125,49,4,41,34,37.69,3.08,31.54,26.15,1.54
13009.0,126,30,4,22,19,39.47,5.26,28.95,25.0,1.32
13009.0,127,27,8,23,13,37.5,11.11,31.94,18.06,1.39
13009.0,128,32,3,16,18,45.71,4.29,22.86,25.71,1.43
13009.0,129,25,6,17,19,37.31,8.96,25.37,28.36,0.0
13009.0,13,90,15,108,23,37.82,6.3,45.38,9.66,0.84
13009.0,130,65,10,60,28,39.63,6.1,36.59,17.07,0.61
13009.0,131,49,5,77,32,29.17,2.98,45.83,19.05,2.98
13009.0,132,60,9,96,22,31.91,4.79,51.06,11.7,0.53
13009.0,133,44,5,35,44,34.11,3.88,27.13,34.11,0.78
13009.0,134,74,13,67,50,35.24,6.19,31.9,23.81,2.86
13009.0,135,109,14,129,28,38.79,4.98,45.91,9.96,0.36
13009.0,136,68,12,54,38,38.86,6.86,30.86,21.71,1.71
13009.0,137,38,5,37,23,36.54,4.81,35.58,22.12,0.96
13009.0,138,33,8,32,29,31.73,7.69,30.77,27.88,1.92
13009.0,139,84,3,82,26,43.08,1.54,42.05,13.33,0.0
13009.0,14,120,19,75,57,43.8,6.93,27.37,20.8,1.09
13009.0,140,85,14,81,28,40.48,6.67,38.57,13.33,0.95
13009.0,141,141,15,133,46,42.09,4.48,39.7,13.73,0.0
13009.0,142,133,17,99,24,48.72,6.23,36.26,8.79,0.0
13009.0,143,93,11,69,27,45.15,5.34,33.5,13.11,2.91
13009.0,144,68,7,65,26,40.48,4.17,38.69,15.48,1.19
13009.0,145,93,9,105,35,38.11,3.69,43.03,14.34,0.82
13009.0,146,130,12,118,45,42.21,3.9,38.31,14.61,0.97
13009.0,147,36,5,37,39,30.0,4.17,30.83,32.5,2.5
13009.0,148,63,10,68,49,33.16,5.26,35.79,25.79,0.0
13009.0,149,35,7,31,40,30.43,6.09,26.96,34.78,1.74
13009.0,15,141,9,67,57,50.72,3.24,24.1,20.5,1.44
13009.0,150,46,6,33,29,40.0,5.22,28.7,25.22,0.87
13009.0,151,50,16,68,54,26.18,8.38,35.6,28.27,1.57
13009.0,152,0,0,0,0,,,,,
13009.0,153,52,11,57,31,34.44,7.28,37.75,20.53,0.0
13009.0,154,36,15,38,21,32.43,13.51,34.23,18.92,0.9
13009.0,155,65,5,69,50,34.03,2.62,36.13,26.18,1.05
13009.0,156,68,7,44,41,41.98,4.32,27.16,25.31,1.23
13009.0,157,61,12,57,42,35.06,6.9,32.76,24.14,1.15
13009.0,158,72,6,60,42,39.56,3.3,32.97,23.08,1.1
13009.0,159,123,10,67,42,50.83,4.13,27.69,17.36,0.0
13009.0,16,80,9,58,45,41.45,4.66,30.05,23.32,0.52
13009.0,160,70,12,61,41,38.04,6.52,33.15,22.28,0.0
13009.0,161,132,16,102,49,43.71,5.3,33.77,16.23,0.99
13009.0,162,57,9,55,40,34.55,5.45,33.33,24.24,2.42
13009.0,163,43,19,57,54,24.43,10.8,32.39,30.68,1.7
13009.0,164,80,12,95,34,36.04,5.41,42.79,15.32,0.45
13009.0,165,67,10,51,35,40.36,6.02,30.72,21.08,1.81
13009.0,166,68,12,35,41,41.98,7.41,21.6,25.31,3.7
13009.0,167,70,7,61,28,40.94,4.09,35.67,16.37,2.92
13009.0,168,114,17,46,43,51.12,7.62,20.63,19.28,1.35
13009.0,169,96,12,50,52,45.07,5.63,23.47,24.41,1.41
13009.0,17,82,18,92,17,38.32,8.41,42.99,7.94,2.34
13009.0,170,77,6,57,44,41.85,3.26,30.98,23.91,0.0
13009.0,171,70,5,26,26,54.26,3.88,20.16,20.16,1.55
13009.0,172,77,4,31,45,47.83,2.48,19.25,27.95,2.48
13009.0,18,111,12,123,15,42.53,4.6,47.13,5.75,0.0
13009.0,19,55,4,31,23,48.67,3.54,27.43,20.35,0.0
13009.0,2,81,11,82,31,39.32,5.34,39.81,15.05,0.49
13009.0,20,68,8,129,5,32.38,3.81,61.43,2.38,0.0
13009.0,21,89,12,117,8,39.38,5.31,51.77,3.54,0.0
13009.0,22,82,11,122,7,36.94,4.95,54.95,3.15,0.0
13009.0,23,98,9,138,9,38.58,3.54,54.33,3.54,0.0
13009.0,24,78,12,119,14,34.98,5.38,53.36,6.28,0.0
13009.0,25,88,12,110,20,37.77,5.15,47.21,8.58,1.29
13009.0,26,78,8,56,39,42.62,4.37,30.6,21.31,1.09
13009.0,27,92,8,55,22,51.98,4.52,31.07,12.43,0.0
13009.0,28,88,17,40,40,46.81,9.04,21.28,21.28,1.6
13009.0,29,114,4,87,41,45.97,1.61,35.08,16.53,0.81
13009.0,3,147,8,127,26,47.27,2.57,40.84,8.36,0.96
13009.0,30,56,8,45,40,37.09,5.3,29.8,26.49,1.32
13009.0,31,108,12,70,42,45.76,5.08,29.66,17.8,1.69
13009.0,32,39,8,26,26,39.0,8.0,26.0,26.0,1.0
13009.0,33,100,10,55,44,47.39,4.74,26.07,20.85,0.95
13009.0,34,75,6,67,18,44.91,3.59,40.12,10.78,0.6
13009.0,35,122,11,47,46,53.74,4.85,20.7,20.26,0.44
13009.0,36,38,2,20,19,48.1,2.53,25.32,24.05,0.0
13009.0,37,123,10,68,25,53.95,4.39,29.82,10.96,0.88
13009.0,38,56,6,48,23,42.11,4.51,36.09,17.29,0.0
13009.0,39,78,15,59,32,42.39,8.15,32.07,17.39,0.0
13009.0,4,78,8,77,34,39.39,4.04,38.89,17.17,0.51
13009.0,40,53,3,50,33,37.86,2.14,35.71,23.57,0.71
13009.0,41,64,6,17,34,52.46,4.92,13.93,27.87,0.82
13009.0,42,26,3,33,14,34.21,3.95,43.42,18.42,0.0
13009.0,43,124,11,78,37,49.4,4.38,31.08,14.74,0.4
13009.0,44,28,5,27,22,32.94,5.88,31.76,25.88,3.53
13009.0,45,58,4,37,31,43.28,2.99,27.61,23.13,2.99
13009.0,46,39,2,33,25,39.0,2.0,33.0,25.0,1.0
13009.0,47,70,3,68,21,42.68,1.83,41.46,12.8,1.22
13009.0,48,60,4,55,40,36.59,2.44,33.54,24.39,3.05
13009.0,49,59,7,32,16,50.86,6.03,27.59,13.79,1.72
13009.0,5,125,17,142,28,40.06,5.45,45.51,8.97,0.0
13009.0,50,100,16,112,43,36.9,5.9,41.33,15.87,0.0
13009.0,500,31,6,22,7,44.29,8.57,31.43,10.0,5.71
13009.0,501,35,3,42,11,38.04,3.26,45.65,11.96,1.09
13009.0,502,38,6,57,13,32.76,5.17,49.14,11.21,1.72
13009.0,503,18,4,70,2,18.75,4.17,72.92,2.08,2.08
13009.0,51,83,10,46,35,46.89,5.65,25.99,19.77,1.69
13009.0,52,138,5,73,48,51.69,1.87,27.34,17.98,1.12
13009.0,53,80,8,53,51,41.03,4.1,27.18,26.15,1.54
13009.0,54,37,6,44,22,33.94,5.5,40.37,20.18,0.0
13009.0,55,52,9,34,23,42.98,7.44,28.1,19.01,2.48
13009.0,56,41,5,26,18,45.05,5.49,28.57,19.78,1.1
13009.0,57,31,5,23,24,36.9,5.95,27.38,28.57,1.19
13009.0,58,24,6,14,12,41.38,10.34,24.14,20.69,3.45
13009.0,59,55,8,59,29,36.18,5.26,38.82,19.08,0.66
13009.0,6,130,13,91,37,47.79,4.78,33.46,13.6,0.37
13009.0,60,87,13,45,36,47.28,7.07,24.46,19.57,1.63
13009.0,600,273,25,214,54,48.06,4.4,37.68,9.51,0.35
13009.0,601,216,17,278,28,39.93,3.14,51.39,5.18,0.37
13009.0,602,147,15,96,28,51.04,5.21,33.33,9.72,0.69
13009.0,603,291,19,238,91,45.05,2.94,36.84,14.09,1.08
13009.0,604,62,7,76,24,36.69,4.14,44.97,14.2,0.0
13009.0,605,90,11,133,37,33.21,4.06,49.08,13.65,0.0
13009.0,606,214,18,261,52,39.27,3.3,47.89,9.54,0.0
13009.0,607,105,13,130,16,39.47,4.89,48.87,6.02,0.75
13009.0,608,230,26,174,56,47.03,5.32,35.58,11.45,0.61
13009.0,609,175,19,151,34,45.57,4.95,39.32,8.85,1.3
13009.0,61,68,8,81,43,33.33,3.92,39.71,21.08,1.96
13009.0,610,168,16,121,27,50.45,4.8,36.34,8.11,0.3
13009.0,611,86,5,55,20,51.81,3.01,33.13,12.05,0.0
13009.0,62,66,8,42,19,48.53,5.88,30.88,13.97,0.74
13009.0,63,72,10,53,22,45.57,6.33,33.54,13.92,0.63
13009.0,64,94,14,65,22,47.0,7.0,32.5,11.0,2.5
13009.0,65,76,9,82,27,38.97,4.62,42.05,13.85,0.51
13009.0,66,38,3,34,22,39.18,3.09,35.05,22.68,0.0
13009.0,67,44,16,51,46,27.67,10.06,32.08,28.93,1.26
13009.0,68,60,16,41,22,42.86,11.43,29.29,15.71,0.71
13009.0,69,56,11,54,33,36.13,7.1,34.84,21.29,0.65
13009.0,7,111,8,85,27,47.84,3.45,36.64,11.64,0.43
13009.0,70,58,5,42,33,41.43,3.57,30.0,23.57,1.43
13009.0,71,57,6,30,28,46.72,4.92,24.59,22.95,0.82
13009.0,72,62,10,32,35,43.36,6.99,22.38,24.48,2.8
13009.0,73,48,10,37,32,37.8,7.87,29.13,25.2,0.0
13009.0,74,67,15,42,38,40.36,9.04,25.3,22.89,2.41
13009.0,75,104,13,56,60,43.7,5.46,23.53,25.21,2.1
13009.0,76,94,13,147,32,32.75,4.53,51.22,11.15,0.35
13009.0,77,108,12,108,20,43.2,4.8,43.2,8.0,0.8
13009.0,78,75,8,84,21,39.68,4.23,44.44,11.11,0.53
13009.0,79,32,6,40,24,31.37,5.88,39.22,23.53,0.0
13009.0,8,58,17,58,16,38.93,11.41,38.93,10.74,0.0
13009.0,80,154,7,136,12,49.84,2.27,44.01,3.88,0.0
13009.0,81,118,18,128,19,40.97,6.25,44.44,6.6,1.74
13009.0,82,130,15,137,14,43.92,5.07,46.28,4.73,0.0
13009.0,83,72,11,80,19,39.13,5.98,43.48,10.33,1.09
13009.0,84,125,15,110,15,46.47,5.58,40.89,5.58,1.49
13009.0,85,36,8,57,31,27.07,6.02,42.86,23.31,0.75
13009.0,86,26,6,24,13,37.68,8.7,34.78,18.84,0.0
13009.0,87,44,12,34,21,39.64,10.81,30.63,18.92,0.0
13009.0,88,31,13,75,17,22.63,9.49,54.74,12.41,0.73
13009.0,89,65,18,82,51,29.41,8.14,37.1,23.08,2.26
13009.0,9,116,23,84,36,44.44,8.81,32.18,13.79,0.77
13009.0,90,0,0,0,0,,,,,
13009.0,91,42,5,46,19,37.17,4.42,40.71,16.81,0.88
13009.0,92,33,16,58,25,25.0,12.12,43.94,18.94,0.0
13009.0,93,34,6,39,21,33.33,5.88,38.24,20.59,1.96
13009.0,94,23,1,32,12,33.82,1.47,47.06,17.65,0.0
13009.0,95,33,7,51,32,26.61,5.65,41.13,25.81,0.81
13009.0,96,33,8,29,26,34.38,8.33,30.21,27.08,0.0
13009.0,97,31,15,93,37,17.13,8.29,51.38,20.44,2.76
13009.0,98,42,11,58,30,29.37,7.69,40.56,20.98,1.4
13009.0,99,86,14,98,22,38.91,6.33,44.34,9.95,0.45
13009.0,S/R 1,84,12,71,18,42.86,6.12,36.22,9.18,5.61
13009.0,S/R 2,235,23,554,55,27.04,2.65,63.75,6.33,0.23
13010.0,1,55,4,30,23,49.11,3.57,26.79,20.54,0.0
13010.0,1-1,81,5,53,28,48.5,2.99,31.74,16.77,0.0
13010.0,10,132,16,64,32,54.1,6.56,26.23,13.11,0.0
13010.0,100,88,11,27,21,59.86,7.48,18.37,14.29,0.0
13010.0,101,83,14,31,21,55.7,9.4,20.81,14.09,0.0
13010.0,102,133,14,21,32,66.5,7.0,10.5,16.0,0.0
13010.0,103,84,7,12,21,67.74,5.65,9.68,16.94,0.0
13010.0,104,150,12,36,20,68.81,5.5,16.51,9.17,0.0
13010.0,105,78,7,18,13,67.24,6.03,15.52,11.21,0.0
13010.0,106,171,15,44,41,63.1,5.54,16.24,15.13,0.0
13010.0,107,109,7,21,32,64.5,4.14,12.43,18.93,0.0
13010.0,107-1,35,8,23,7,47.95,10.96,31.51,9.59,0.0
13010.0,108,123,9,30,42,60.29,4.41,14.71,20.59,0.0
13010.0,109,147,5,31,22,71.71,2.44,15.12,10.73,0.0
13010.0,11,66,6,38,44,42.86,3.9,24.68,28.57,0.0
13010.0,110,93,3,30,11,67.88,2.19,21.9,8.03,0.0
13010.0,111,129,7,33,21,67.89,3.68,17.37,11.05,0.0
13010.0,112,107,11,22,28,63.69,6.55,13.1,16.67,0.0
13010.0,112-1,83,10,17,28,60.14,7.25,12.32,20.29,0.0
13010.0,113,92,9,11,26,66.67,6.52,7.97,18.84,0.0
13010.0,114,212,14,28,44,71.14,4.7,9.4,14.77,0.0
13010.0,115,127,10,36,40,59.62,4.69,16.9,18.78,0.0
13010.0,116,88,8,17,14,69.29,6.3,13.39,11.02,0.0
13010.0,117,91,12,22,15,65.0,8.57,15.71,10.71,0.0
13010.0,118,62,7,30,21,51.67,5.83,25.0,17.5,0.0
13010.0,119,91,9,22,29,60.26,5.96,14.57,19.21,0.0
13010.0,12,102,8,41,35,54.84,4.3,22.04,18.82,0.0
13010.0,120,97,10,38,38,53.01,5.46,20.77,20.77,0.0
13010.0,121,89,5,20,30,61.81,3.47,13.89,20.83,0.0
13010.0,122,46,1,28,15,51.11,1.11,31.11,16.67,0.0
13010.0,123,89,3,21,10,72.36,2.44,17.07,8.13,0.0
13010.0,124,122,17,39,29,58.94,8.21,18.84,14.01,0.0
13010.0,125,55,6,33,17,49.55,5.41,29.73,15.32,0.0
13010.0,126,70,6,35,25,51.47,4.41,25.74,18.38,0.0
13010.0,127,130,8,33,39,61.9,3.81,15.71,18.57,0.0
13010.0,128,68,19,42,44,39.31,10.98,24.28,25.43,0.0
13010.0,128-1,61,9,19,20,55.96,8.26,17.43,18.35,0.0
13010.0,129,109,23,49,41,49.1,10.36,22.07,18.47,0.0
13010.0,13,98,7,45,22,56.98,4.07,26.16,12.79,0.0
13010.0,130,89,5,14,13,73.55,4.13,11.57,10.74,0.0
13010.0,131,60,7,39,19,48.0,5.6,31.2,15.2,0.0
13010.0,132,57,3,20,23,55.34,2.91,19.42,22.33,0.0
13010.0,133,112,12,51,21,57.14,6.12,26.02,10.71,0.0
13010.0,134,120,27,69,35,47.81,10.76,27.49,13.94,0.0
13010.0,135,114,11,50,54,49.78,4.8,21.83,23.58,0.0
13010.0,135-1,68,16,25,40,45.64,10.74,16.78,26.85,0.0
13010.0,136,134,19,47,53,52.96,7.51,18.58,20.95,0.0
13010.0,137,88,7,26,32,57.52,4.58,16.99,20.92,0.0
13010.0,137-1,77,9,36,18,55.0,6.43,25.71,12.86,0.0
13010.0,138,69,15,52,30,41.57,9.04,31.33,18.07,0.0
13010.0,139,73,6,32,10,60.33,4.96,26.45,8.26,0.0
13010.0,14,131,8,68,35,54.13,3.31,28.1,14.46,0.0
13010.0,140,96,7,12,31,65.75,4.79,8.22,21.23,0.0
13010.0,141,98,5,33,16,64.47,3.29,21.71,10.53,0.0
13010.0,142,116,8,20,68,54.72,3.77,9.43,32.08,0.0
13010.0,143,115,12,45,35,55.56,5.8,21.74,16.91,0.0
13010.0,144,94,5,16,29,65.28,3.47,11.11,20.14,0.0
13010.0,145,72,4,25,39,51.43,2.86,17.86,27.86,0.0
13010.0,146,106,12,43,25,56.99,6.45,23.12,13.44,0.0
13010.0,147,98,4,26,36,59.76,2.44,15.85,21.95,0.0
13010.0,147-1,80,14,22,33,53.69,9.4,14.77,22.15,0.0
13010.0,148,118,11,72,29,51.3,4.78,31.3,12.61,0.0
13010.0,149,88,8,25,27,59.46,5.41,16.89,18.24,0.0
13010.0,15,94,8,57,37,47.96,4.08,29.08,18.88,0.0
13010.0,150,99,7,24,23,64.71,4.58,15.69,15.03,0.0
13010.0,151,65,12,39,35,43.05,7.95,25.83,23.18,0.0
13010.0,152,76,4,31,29,54.29,2.86,22.14,20.71,0.0
13010.0,153,139,16,62,46,52.85,6.08,23.57,17.49,0.0
13010.0,154,138,12,73,38,52.87,4.6,27.97,14.56,0.0
13010.0,155,109,10,40,31,57.37,5.26,21.05,16.32,0.0
13010.0,155-1,69,14,33,23,49.64,10.07,23.74,16.55,0.0
13010.0,16,102,7,36,31,57.95,3.98,20.45,17.61,0.0
13010.0,17,54,3,44,35,39.71,2.21,32.35,25.74,0.0
13010.0,18,49,1,25,19,52.13,1.06,26.6,20.21,0.0
13010.0,19,55,7,34,24,45.83,5.83,28.33,20.0,0.0
13010.0,2,106,9,77,38,46.09,3.91,33.48,16.52,0.0
13010.0,20,56,13,51,29,37.58,8.72,34.23,19.46,0.0
13010.0,21,97,9,52,51,46.41,4.31,24.88,24.4,0.0
13010.0,22,69,6,50,19,47.92,4.17,34.72,13.19,0.0
13010.0,23,80,5,35,31,52.98,3.31,23.18,20.53,0.0
13010.0,24,66,8,55,45,37.93,4.6,31.61,25.86,0.0
13010.0,25,68,2,30,22,55.74,1.64,24.59,18.03,0.0
13010.0,26,84,5,30,17,61.76,3.68,22.06,12.5,0.0
13010.0,27,8,3,37,32,10.0,3.75,46.25,40.0,0.0
13010.0,27-1,3,1,35,25,4.69,1.56,54.69,39.06,0.0
13010.0,28,37,7,21,4,53.62,10.14,30.43,5.8,0.0
13010.0,29,59,22,8,10,59.6,22.22,8.08,10.1,0.0
13010.0,3,93,14,73,37,42.86,6.45,33.64,17.05,0.0
13010.0,30,73,9,24,12,61.86,7.63,20.34,10.17,0.0
13010.0,31,55,7,23,18,53.4,6.8,22.33,17.48,0.0
13010.0,32,95,8,23,27,62.09,5.23,15.03,17.65,0.0
13010.0,33,75,11,19,13,63.56,9.32,16.1,11.02,0.0
13010.0,34,95,16,22,15,64.19,10.81,14.86,10.14,0.0
13010.0,35,71,13,17,17,60.17,11.02,14.41,14.41,0.0
13010.0,36,87,12,31,23,56.86,7.84,20.26,15.03,0.0
13010.0,36-1,43,7,14,8,59.72,9.72,19.44,11.11,0.0
13010.0,37,0,0,0,0,,,,,
13010.0,38,122,7,35,21,65.95,3.78,18.92,11.35,0.0
13010.0,39,65,5,22,15,60.75,4.67,20.56,14.02,0.0
13010.0,4,77,9,58,29,44.51,5.2,33.53,16.76,0.0
13010.0,40,69,7,31,27,51.49,5.22,23.13,20.15,0.0
13010.0,41,57,7,41,23,44.53,5.47,32.03,17.97,0.0
13010.0,42,62,5,39,29,45.93,3.7,28.89,21.48,0.0
13010.0,43,69,8,36,25,50.0,5.8,26.09,18.12,0.0
13010.0,44,72,10,39,29,48.0,6.67,26.0,19.33,0.0
13010.0,45,69,5,42,25,48.94,3.55,29.79,17.73,0.0
13010.0,46,52,1,29,18,52.0,1.0,29.0,18.0,0.0
13010.0,47,77,5,28,9,64.71,4.2,23.53,7.56,0.0
13010.0,48,38,1,9,2,76.0,2.0,18.0,4.0,0.0
13010.0,49,62,16,39,30,42.18,10.88,26.53,20.41,0.0
13010.0,5,0,0,0,0,,,,,
13010.0,50,83,14,30,17,57.64,9.72,20.83,11.81,0.0
13010.0,500,37,4,13,6,61.67,6.67,21.67,10.0,0.0
13010.0,501,18,3,21,2,40.91,6.82,47.73,4.55,0.0
13010.0,502,19,4,31,3,33.33,7.02,54.39,5.26,0.0
13010.0,51,73,14,36,30,47.71,9.15,23.53,19.61,0.0
13010.0,52,53,5,25,19,51.96,4.9,24.51,18.63,0.0
13010.0,53,60,8,39,18,48.0,6.4,31.2,14.4,0.0
13010.0,54,91,30,31,44,46.43,15.31,15.82,22.45,0.0
13010.0,55,68,4,8,10,75.56,4.44,8.89,11.11,0.0
13010.0,56,121,5,32,16,69.54,2.87,18.39,9.2,0.0
13010.0,57,82,4,22,23,62.6,3.05,16.79,17.56,0.0
13010.0,58,105,7,27,25,64.02,4.27,16.46,15.24,0.0
13010.0,59,48,6,16,18,54.55,6.82,18.18,20.45,0.0
13010.0,6,113,13,70,39,48.09,5.53,29.79,16.6,0.0
13010.0,6-1,60,9,42,37,40.54,6.08,28.38,25.0,0.0
13010.0,60,60,6,17,21,57.69,5.77,16.35,20.19,0.0
13010.0,600,202,21,156,65,45.5,4.73,35.14,14.64,0.0
13010.0,601,451,20,295,114,51.25,2.27,33.52,12.95,0.0
13010.0,602,273,45,64,24,67.24,11.08,15.76,5.91,0.0
13010.0,603,168,14,93,20,56.95,4.75,31.53,6.78,0.0
13010.0,604,183,13,43,23,69.85,4.96,16.41,8.78,0.0
13010.0,605,136,11,27,18,70.83,5.73,14.06,9.38,0.0
13010.0,606,161,11,33,16,72.85,4.98,14.93,7.24,0.0
13010.0,607,117,8,16,19,73.12,5.0,10.0,11.88,0.0
13010.0,608,202,13,79,31,62.15,4.0,24.31,9.54,0.0
13010.0,609,179,14,68,24,62.81,4.91,23.86,8.42,0.0
13010.0,61,96,12,37,41,51.61,6.45,19.89,22.04,0.0
13010.0,610,118,15,46,30,56.46,7.18,22.01,14.35,0.0
13010.0,611,154,11,58,23,62.6,4.47,23.58,9.35,0.0
13010.0,612,251,10,82,41,65.36,2.6,21.35,10.68,0.0
13010.0,62,75,9,21,12,64.1,7.69,17.95,10.26,-0.0
13010.0,63,158,17,40,18,67.81,7.3,17.17,7.73,0.0
13010.0,64,61,4,26,17,56.48,3.7,24.07,15.74,0.0
13010.0,65,157,15,59,29,60.38,5.77,22.69,11.15,0.0
13010.0,66,96,7,25,24,63.16,4.61,16.45,15.79,0.0
13010.0,67,84,11,18,19,63.64,8.33,13.64,14.39,0.0
13010.0,68,142,3,19,34,71.72,1.52,9.6,17.17,0.0
13010.0,69,54,1,11,16,65.85,1.22,13.41,19.51,0.0
13010.0,7,77,9,67,54,37.2,4.35,32.37,26.09,0.0
13010.0,70,53,4,19,17,56.99,4.3,20.43,18.28,0.0
13010.0,71,151,9,33,25,69.27,4.13,15.14,11.47,0.0
13010.0,72,88,10,13,10,72.73,8.26,10.74,8.26,0.0
13010.0,73,55,10,17,15,56.7,10.31,17.53,15.46,0.0
13010.0,74,158,18,30,28,67.52,7.69,12.82,11.97,0.0
13010.0,75,95,9,30,30,57.93,5.49,18.29,18.29,0.0
13010.0,76,126,19,29,29,62.07,9.36,14.29,14.29,0.0
13010.0,77,141,14,42,19,65.28,6.48,19.44,8.8,0.0
13010.0,78,188,16,26,32,71.76,6.11,9.92,12.21,0.0
13010.0,79,98,7,10,15,75.38,5.38,7.69,11.54,0.0
13010.0,8,88,6,57,43,45.36,3.09,29.38,22.16,0.0
13010.0,80,133,16,27,37,62.44,7.51,12.68,17.37,0.0
13010.0,81,142,11,34,32,64.84,5.02,15.53,14.61,0.0
13010.0,82,144,14,26,26,68.57,6.67,12.38,12.38,0.0
13010.0,83,120,6,10,14,80.0,4.0,6.67,9.33,0.0
13010.0,84,117,10,40,23,61.58,5.26,21.05,12.11,0.0
13010.0,85,105,20,21,23,62.13,11.83,12.43,13.61,0.0
13010.0,86,50,7,14,25,52.08,7.29,14.58,26.04,0.0
13010.0,87,77,8,13,19,65.81,6.84,11.11,16.24,0.0
13010.0,88,85,3,15,19,69.67,2.46,12.3,15.57,0.0
13010.0,89,141,18,40,25,62.95,8.04,17.86,11.16,0.0
13010.0,9,63,10,43,22,45.65,7.25,31.16,15.94,0.0
13010.0,90,86,11,22,11,66.15,8.46,16.92,8.46,0.0
13010.0,91,86,10,20,28,59.72,6.94,13.89,19.44,0.0
13010.0,92,120,13,26,28,64.17,6.95,13.9,14.97,0.0
13010.0,92-1,114,8,35,16,65.9,4.62,20.23,9.25,0.0
13010.0,93,68,10,26,16,56.67,8.33,21.67,13.33,0.0
13010.0,94,148,16,52,28,60.66,6.56,21.31,11.48,0.0
13010.0,95,117,21,36,24,59.09,10.61,18.18,12.12,0.0
13010.0,96,66,12,40,23,46.81,8.51,28.37,16.31,0.0
13010.0,97,47,6,24,16,50.54,6.45,25.81,17.2,0.0
13010.0,98,77,10,19,22,60.16,7.81,14.84,17.19,0.0
13010.0,99,67,7,19,18,60.36,6.31,17.12,16.22,0.0
13010.0,S/R 1,61,5,24,10,61.0,5.0,24.0,10.0,0.0
13010.0,S/R 2,431,35,267,84,52.75,4.28,32.68,10.28,0.0
